key,id,i0,i1,valueType,field
"DEVICE_CHANNELS","/Device/Config/Hardware/Channels",0,0,10,"stringValue"
"DEVICE_FIRMWARE_VERSION","/Device/Config/Software/Firmware/Version",0,0,10,"stringValue"
"DEVICE_NAME","/Device/Config/Name",0,0,10,"stringValue"
"DEVICE_SERIAL","/Device/Config/Hardware/Model/Serial",0,0,10,"stringValue"
"DEVICE_STANDBY","/Device/Audio/Presets/Live/Generals/Standby/Value",0,0,30,"intValue"
"INPUT_CHANNEL_AUXDELAY","/Device/Audio/Presets/Live/InputProcess/Channels/Channel-0/InDelay/Value",0,0,20,"floatValue"
"INPUT_CHANNEL_AUXDELAY","/Device/Audio/Presets/Live/InputProcess/Channels/Channel-1/InDelay/Value",1,0,20,"floatValue"
"INPUT_CHANNEL_AUXDELAY","/Device/Audio/Presets/Live/InputProcess/Channels/Channel-2/InDelay/Value",2,0,20,"floatValue"
"INPUT_CHANNEL_AUXDELAY","/Device/Audio/Presets/Live/InputProcess/Channels/Channel-3/InDelay/Value",3,0,20,"floatValue"
"INPUT_CHANNEL_AUXDELAY","/Device/Audio/Presets/Live/InputProcess/Channels/Channel-4/InDelay/Value",4,0,20,"floatValue"
"INPUT_CHANNEL_AUXDELAY","/Device/Audio/Presets/Live/InputProcess/Channels/Channel-5/InDelay/Value",5,0,20,"floatValue"
"INPUT_CHANNEL_AUXDELAY","/Device/Audio/Presets/Live/InputProcess/Channels/Channel-6/InDelay/Value",6,0,20,"floatValue"
"INPUT_CHANNEL_AUXDELAY","/Device/Audio/Presets/Live/InputProcess/Channels/Channel-7/InDelay/Value",7,0,20,"floatValue"
"INPUT_CHANNEL_EQ","/Device/Audio/Presets/Live/InputProcess/Channels/Channel-0/InputEQ/Enable/Value",0,0,40,"boolValue"
"INPUT_CHANNEL_EQ","/Device/Audio/Presets/Live/InputProcess/Channels/Channel-1/InputEQ/Enable/Value",1,0,40,"boolValue"
"INPUT_CHANNEL_EQ","/Device/Audio/Presets/Live/InputProcess/Channels/Channel-2/InputEQ/Enable/Value",2,0,40,"boolValue"
"INPUT_CHANNEL_EQ","/Device/Audio/Presets/Live/InputProcess/Channels/Channel-3/InputEQ/Enable/Value",3,0,40,"boolValue"
"INPUT_CHANNEL_EQ","/Device/Audio/Presets/Live/InputProcess/Channels/Channel-4/InputEQ/Enable/Value",4,0,40,"boolValue"
"INPUT_CHANNEL_EQ","/Device/Audio/Presets/Live/InputProcess/Channels/Channel-5/InputEQ/Enable/Value",5,0,40,"boolValue"
"INPUT_CHANNEL_EQ","/Device/Audio/Presets/Live/InputProcess/Channels/Channel-6/InputEQ/Enable/Value",6,0,40,"boolValue"
"INPUT_CHANNEL_EQ","/Device/Audio/Presets/Live/InputProcess/Channels/Channel-7/InputEQ/Enable/Value",7,0,40,"boolValue"
"INPUT_CHANNEL_EQ_POLARITY","/Device/Audio/Presets/Live/InputProcess/Channels/Channel-0/InPolarity/Value",0,0,40,"boolValue"
"INPUT_CHANNEL_EQ_POLARITY","/Device/Audio/Presets/Live/InputProcess/Channels/Channel-1/InPolarity/Value",1,0,40,"boolValue"
"INPUT_CHANNEL_EQ_POLARITY","/Device/Audio/Presets/Live/InputProcess/Channels/Channel-2/InPolarity/Value",2,0,40,"boolValue"
"INPUT_CHANNEL_EQ_POLARITY","/Device/Audio/Presets/Live/InputProcess/Channels/Channel-3/InPolarity/Value",3,0,40,"boolValue"
"INPUT_CHANNEL_EQ_POLARITY","/Device/Audio/Presets/Live/InputProcess/Channels/Channel-4/InPolarity/Value",4,0,40,"boolValue"
"INPUT_CHANNEL_EQ_POLARITY","/Device/Audio/Presets/Live/InputProcess/Channels/Channel-5/InPolarity/Value",5,0,40,"boolValue"
"INPUT_CHANNEL_EQ_POLARITY","/Device/Audio/Presets/Live/InputProcess/Channels/Channel-6/InPolarity/Value",6,0,40,"boolValue"
"INPUT_CHANNEL_EQ_POLARITY","/Device/Audio/Presets/Live/InputProcess/Channels/Channel-7/InPolarity/Value",7,0,40,"boolValue"
"INPUT_CHANNEL_GAIN","/Device/Audio/Presets/Live/InputProcess/Channels/Channel-0/Gain/Value",0,0,20,"floatValue"
"INPUT_CHANNEL_GAIN","/Device/Audio/Presets/Live/InputProcess/Channels/Channel-1/Gain/Value",1,0,20,"floatValue"
"INPUT_CHANNEL_GAIN","/Device/Audio/Presets/Live/InputProcess/Channels/Channel-2/Gain/Value",2,0,20,"floatValue"
"INPUT_CHANNEL_GAIN","/Device/Audio/Presets/Live/InputProcess/Channels/Channel-3/Gain/Value",3,0,20,"floatValue"
"INPUT_CHANNEL_GAIN","/Device/Audio/Presets/Live/InputProcess/Channels/Channel-4/Gain/Value",4,0,20,"floatValue"
"INPUT_CHANNEL_GAIN","/Device/Audio/Presets/Live/InputProcess/Channels/Channel-5/Gain/Value",5,0,20,"floatValue"
"INPUT_CHANNEL_GAIN","/Device/Audio/Presets/Live/InputProcess/Channels/Channel-6/Gain/Value",6,0,20,"floatValue"
"INPUT_CHANNEL_GAIN","/Device/Audio/Presets/Live/InputProcess/Channels/Channel-7/Gain/Value",7,0,20,"floatValue"
"INPUT_CHANNEL_MANUAL_SOURCE_SELECTION","/Device/Audio/Presets/Live/SourceSelection/BackupStrategy/BackupStrategy-0/Manual/Value",0,0,30,"intValue"
"INPUT_CHANNEL_MANUAL_SOURCE_SELECTION","/Device/Audio/Presets/Live/SourceSelection/BackupStrategy/BackupStrategy-1/Manual/Value",1,0,30,"intValue"
"INPUT_CHANNEL_MANUAL_SOURCE_SELECTION","/Device/Audio/Presets/Live/SourceSelection/BackupStrategy/BackupStrategy-2/Manual/Value",2,0,30,"intValue"
"INPUT_CHANNEL_MANUAL_SOURCE_SELECTION","/Device/Audio/Presets/Live/SourceSelection/BackupStrategy/BackupStrategy-3/Manual/Value",3,0,30,"intValue"
"INPUT_CHANNEL_MANUAL_SOURCE_SELECTION","/Device/Audio/Presets/Live/SourceSelection/BackupStrategy/BackupStrategy-4/Manual/Value",4,0,30,"intValue"
"INPUT_CHANNEL_MANUAL_SOURCE_SELECTION","/Device/Audio/Presets/Live/SourceSelection/BackupStrategy/BackupStrategy-5/Manual/Value",5,0,30,"intValue"
"INPUT_CHANNEL_MANUAL_SOURCE_SELECTION","/Device/Audio/Presets/Live/SourceSelection/BackupStrategy/BackupStrategy-6/Manual/Value",6,0,30,"intValue"
"INPUT_CHANNEL_MANUAL_SOURCE_SELECTION","/Device/Audio/Presets/Live/SourceSelection/BackupStrategy/BackupStrategy-7/Manual/Value",7,0,30,"intValue"
"INPUT_CHANNEL_MUTE","/Device/Audio/Presets/Live/InputProcess/Channels/Channel-0/Mute/Value",0,0,40,"boolValue"
"INPUT_CHANNEL_MUTE","/Device/Audio/Presets/Live/InputProcess/Channels/Channel-1/Mute/Value",1,0,40,"boolValue"
"INPUT_CHANNEL_MUTE","/Device/Audio/Presets/Live/InputProcess/Channels/Channel-2/Mute/Value",2,0,40,"boolValue"
"INPUT_CHANNEL_MUTE","/Device/Audio/Presets/Live/InputProcess/Channels/Channel-3/Mute/Value",3,0,40,"boolValue"
"INPUT_CHANNEL_MUTE","/Device/Audio/Presets/Live/InputProcess/Channels/Channel-4/Mute/Value",4,0,40,"boolValue"
"INPUT_CHANNEL_MUTE","/Device/Audio/Presets/Live/InputProcess/Channels/Channel-5/Mute/Value",5,0,40,"boolValue"
"INPUT_CHANNEL_MUTE","/Device/Audio/Presets/Live/InputProcess/Channels/Channel-6/Mute/Value",6,0,40,"boolValue"
"INPUT_CHANNEL_MUTE","/Device/Audio/Presets/Live/InputProcess/Channels/Channel-7/Mute/Value",7,0,40,"boolValue"
"INPUT_CHANNEL_SHADING","/Device/Audio/Presets/Live/InputProcess/Channels/Channel-0/ShadingGain/Value",0,0,20,"floatValue"
"INPUT_CHANNEL_SHADING","/Device/Audio/Presets/Live/InputProcess/Channels/Channel-1/ShadingGain/Value",1,0,20,"floatValue"
"INPUT_CHANNEL_SHADING","/Device/Audio/Presets/Live/InputProcess/Channels/Channel-2/ShadingGain/Value",2,0,20,"floatValue"
"INPUT_CHANNEL_SHADING","/Device/Audio/Presets/Live/InputProcess/Channels/Channel-3/ShadingGain/Value",3,0,20,"floatValue"
"INPUT_CHANNEL_SHADING","/Device/Audio/Presets/Live/InputProcess/Channels/Channel-4/ShadingGain/Value",4,0,20,"floatValue"
"INPUT_CHANNEL_SHADING","/Device/Audio/Presets/Live/InputProcess/Channels/Channel-5/ShadingGain/Value",5,0,20,"floatValue"
"INPUT_CHANNEL_SHADING","/Device/Audio/Presets/Live/InputProcess/Channels/Channel-6/ShadingGain/Value",6,0,20,"floatValue"
"INPUT_CHANNEL_SHADING","/Device/Audio/Presets/Live/InputProcess/Channels/Channel-7/ShadingGain/Value",7,0,20,"floatValue"
"INPUT_CHANNEL_SOURCE","/Device/Audio/Presets/Live/SourceSelection/BackupStrategy/BackupStrategy-0/Priority-0/Value",0,0,30,"intValue"
"INPUT_CHANNEL_SOURCE","/Device/Audio/Presets/Live/SourceSelection/BackupStrategy/BackupStrategy-0/Priority-1/Value",0,1,30,"intValue"
"INPUT_CHANNEL_SOURCE","/Device/Audio/Presets/Live/SourceSelection/BackupStrategy/BackupStrategy-0/Priority-2/Value",0,2,30,"intValue"
"INPUT_CHANNEL_SOURCE","/Device/Audio/Presets/Live/SourceSelection/BackupStrategy/BackupStrategy-0/Priority-3/Value",0,3,30,"intValue"
"INPUT_CHANNEL_SOURCE","/Device/Audio/Presets/Live/SourceSelection/BackupStrategy/BackupStrategy-1/Priority-0/Value",1,0,30,"intValue"
"INPUT_CHANNEL_SOURCE","/Device/Audio/Presets/Live/SourceSelection/BackupStrategy/BackupStrategy-1/Priority-1/Value",1,1,30,"intValue"
"INPUT_CHANNEL_SOURCE","/Device/Audio/Presets/Live/SourceSelection/BackupStrategy/BackupStrategy-1/Priority-2/Value",1,2,30,"intValue"
"INPUT_CHANNEL_SOURCE","/Device/Audio/Presets/Live/SourceSelection/BackupStrategy/BackupStrategy-1/Priority-3/Value",1,3,30,"intValue"
"INPUT_CHANNEL_SOURCE","/Device/Audio/Presets/Live/SourceSelection/BackupStrategy/BackupStrategy-2/Priority-0/Value",2,0,30,"intValue"
"INPUT_CHANNEL_SOURCE","/Device/Audio/Presets/Live/SourceSelection/BackupStrategy/BackupStrategy-2/Priority-1/Value",2,1,30,"intValue"
"INPUT_CHANNEL_SOURCE","/Device/Audio/Presets/Live/SourceSelection/BackupStrategy/BackupStrategy-2/Priority-2/Value",2,2,30,"intValue"
"INPUT_CHANNEL_SOURCE","/Device/Audio/Presets/Live/SourceSelection/BackupStrategy/BackupStrategy-2/Priority-3/Value",2,3,30,"intValue"
"INPUT_CHANNEL_SOURCE","/Device/Audio/Presets/Live/SourceSelection/BackupStrategy/BackupStrategy-3/Priority-0/Value",3,0,30,"intValue"
"INPUT_CHANNEL_SOURCE","/Device/Audio/Presets/Live/SourceSelection/BackupStrategy/BackupStrategy-3/Priority-1/Value",3,1,30,"intValue"
"INPUT_CHANNEL_SOURCE","/Device/Audio/Presets/Live/SourceSelection/BackupStrategy/BackupStrategy-3/Priority-2/Value",3,2,30,"intValue"
"INPUT_CHANNEL_SOURCE","/Device/Audio/Presets/Live/SourceSelection/BackupStrategy/BackupStrategy-3/Priority-3/Value",3,3,30,"intValue"
"INPUT_CHANNEL_SOURCE","/Device/Audio/Presets/Live/SourceSelection/BackupStrategy/BackupStrategy-4/Priority-0/Value",4,0,30,"intValue"
"INPUT_CHANNEL_SOURCE","/Device/Audio/Presets/Live/SourceSelection/BackupStrategy/BackupStrategy-4/Priority-1/Value",4,1,30,"intValue"
"INPUT_CHANNEL_SOURCE","/Device/Audio/Presets/Live/SourceSelection/BackupStrategy/BackupStrategy-4/Priority-2/Value",4,2,30,"intValue"
"INPUT_CHANNEL_SOURCE","/Device/Audio/Presets/Live/SourceSelection/BackupStrategy/BackupStrategy-4/Priority-3/Value",4,3,30,"intValue"
"INPUT_CHANNEL_SOURCE","/Device/Audio/Presets/Live/SourceSelection/BackupStrategy/BackupStrategy-5/Priority-0/Value",5,0,30,"intValue"
"INPUT_CHANNEL_SOURCE","/Device/Audio/Presets/Live/SourceSelection/BackupStrategy/BackupStrategy-5/Priority-1/Value",5,1,30,"intValue"
"INPUT_CHANNEL_SOURCE","/Device/Audio/Presets/Live/SourceSelection/BackupStrategy/BackupStrategy-5/Priority-2/Value",5,2,30,"intValue"
"INPUT_CHANNEL_SOURCE","/Device/Audio/Presets/Live/SourceSelection/BackupStrategy/BackupStrategy-5/Priority-3/Value",5,3,30,"intValue"
"INPUT_CHANNEL_SOURCE","/Device/Audio/Presets/Live/SourceSelection/BackupStrategy/BackupStrategy-6/Priority-0/Value",6,0,30,"intValue"
"INPUT_CHANNEL_SOURCE","/Device/Audio/Presets/Live/SourceSelection/BackupStrategy/BackupStrategy-6/Priority-1/Value",6,1,30,"intValue"
"INPUT_CHANNEL_SOURCE","/Device/Audio/Presets/Live/SourceSelection/BackupStrategy/BackupStrategy-6/Priority-2/Value",6,2,30,"intValue"
"INPUT_CHANNEL_SOURCE","/Device/Audio/Presets/Live/SourceSelection/BackupStrategy/BackupStrategy-6/Priority-3/Value",6,3,30,"intValue"
"INPUT_CHANNEL_SOURCE","/Device/Audio/Presets/Live/SourceSelection/BackupStrategy/BackupStrategy-7/Priority-0/Value",7,0,30,"intValue"
"INPUT_CHANNEL_SOURCE","/Device/Audio/Presets/Live/SourceSelection/BackupStrategy/BackupStrategy-7/Priority-1/Value",7,1,30,"intValue"
"INPUT_CHANNEL_SOURCE","/Device/Audio/Presets/Live/SourceSelection/BackupStrategy/BackupStrategy-7/Priority-2/Value",7,2,30,"intValue"
"INPUT_CHANNEL_SOURCE","/Device/Audio/Presets/Live/SourceSelection/BackupStrategy/BackupStrategy-7/Priority-3/Value",7,3,30,"intValue"
"INPUT_CHANNEL_SOURCE_BACKUP_STRATEGY","/Device/Audio/Presets/Live/SourceSelection/BackupStrategy/BackupStrategy-0/Enable/Value",0,0,40,"boolValue"
"INPUT_CHANNEL_SOURCE_BACKUP_STRATEGY","/Device/Audio/Presets/Live/SourceSelection/BackupStrategy/BackupStrategy-1/Enable/Value",1,0,40,"boolValue"
"INPUT_CHANNEL_SOURCE_BACKUP_STRATEGY","/Device/Audio/Presets/Live/SourceSelection/BackupStrategy/BackupStrategy-2/Enable/Value",2,0,40,"boolValue"
"INPUT_CHANNEL_SOURCE_BACKUP_STRATEGY","/Device/Audio/Presets/Live/SourceSelection/BackupStrategy/BackupStrategy-3/Enable/Value",3,0,40,"boolValue"
"INPUT_CHANNEL_SOURCE_BACKUP_STRATEGY","/Device/Audio/Presets/Live/SourceSelection/BackupStrategy/BackupStrategy-4/Enable/Value",4,0,40,"boolValue"
"INPUT_CHANNEL_SOURCE_BACKUP_STRATEGY","/Device/Audio/Presets/Live/SourceSelection/BackupStrategy/BackupStrategy-5/Enable/Value",5,0,40,"boolValue"
"INPUT_CHANNEL_SOURCE_BACKUP_STRATEGY","/Device/Audio/Presets/Live/SourceSelection/BackupStrategy/BackupStrategy-6/Enable/Value",6,0,40,"boolValue"
"INPUT_CHANNEL_SOURCE_BACKUP_STRATEGY","/Device/Audio/Presets/Live/SourceSelection/BackupStrategy/BackupStrategy-7/Enable/Value",7,0,40,"boolValue"
"INPUT_CHANNEL_SOURCE_ROUTING","/Device/Audio/Presets/Live/SourceSelection/RoutingChannel-0/Src-0/Value",0,0,30,"intValue"
"INPUT_CHANNEL_SOURCE_ROUTING","/Device/Audio/Presets/Live/SourceSelection/RoutingChannel-0/Src-1/Value",0,1,30,"intValue"
"INPUT_CHANNEL_SOURCE_ROUTING","/Device/Audio/Presets/Live/SourceSelection/RoutingChannel-0/Src-2/Value",0,2,30,"intValue"
"INPUT_CHANNEL_SOURCE_ROUTING","/Device/Audio/Presets/Live/SourceSelection/RoutingChannel-0/Src-3/Value",0,3,30,"intValue"
"INPUT_CHANNEL_SOURCE_ROUTING","/Device/Audio/Presets/Live/SourceSelection/RoutingChannel-1/Src-0/Value",1,0,30,"intValue"
"INPUT_CHANNEL_SOURCE_ROUTING","/Device/Audio/Presets/Live/SourceSelection/RoutingChannel-1/Src-1/Value",1,1,30,"intValue"
"INPUT_CHANNEL_SOURCE_ROUTING","/Device/Audio/Presets/Live/SourceSelection/RoutingChannel-1/Src-2/Value",1,2,30,"intValue"
"INPUT_CHANNEL_SOURCE_ROUTING","/Device/Audio/Presets/Live/SourceSelection/RoutingChannel-1/Src-3/Value",1,3,30,"intValue"
"INPUT_CHANNEL_SOURCE_ROUTING","/Device/Audio/Presets/Live/SourceSelection/RoutingChannel-2/Src-0/Value",2,0,30,"intValue"
"INPUT_CHANNEL_SOURCE_ROUTING","/Device/Audio/Presets/Live/SourceSelection/RoutingChannel-2/Src-1/Value",2,1,30,"intValue"
"INPUT_CHANNEL_SOURCE_ROUTING","/Device/Audio/Presets/Live/SourceSelection/RoutingChannel-2/Src-2/Value",2,2,30,"intValue"
"INPUT_CHANNEL_SOURCE_ROUTING","/Device/Audio/Presets/Live/SourceSelection/RoutingChannel-2/Src-3/Value",2,3,30,"intValue"
"INPUT_CHANNEL_SOURCE_ROUTING","/Device/Audio/Presets/Live/SourceSelection/RoutingChannel-3/Src-0/Value",3,0,30,"intValue"
"INPUT_CHANNEL_SOURCE_ROUTING","/Device/Audio/Presets/Live/SourceSelection/RoutingChannel-3/Src-1/Value",3,1,30,"intValue"
"INPUT_CHANNEL_SOURCE_ROUTING","/Device/Audio/Presets/Live/SourceSelection/RoutingChannel-3/Src-2/Value",3,2,30,"intValue"
"INPUT_CHANNEL_SOURCE_ROUTING","/Device/Audio/Presets/Live/SourceSelection/RoutingChannel-3/Src-3/Value",3,3,30,"intValue"
"INPUT_CHANNEL_SOURCE_ROUTING","/Device/Audio/Presets/Live/SourceSelection/RoutingChannel-4/Src-0/Value",4,0,30,"intValue"
"INPUT_CHANNEL_SOURCE_ROUTING","/Device/Audio/Presets/Live/SourceSelection/RoutingChannel-4/Src-1/Value",4,1,30,"intValue"
"INPUT_CHANNEL_SOURCE_ROUTING","/Device/Audio/Presets/Live/SourceSelection/RoutingChannel-4/Src-2/Value",4,2,30,"intValue"
"INPUT_CHANNEL_SOURCE_ROUTING","/Device/Audio/Presets/Live/SourceSelection/RoutingChannel-4/Src-3/Value",4,3,30,"intValue"
"INPUT_CHANNEL_SOURCE_ROUTING","/Device/Audio/Presets/Live/SourceSelection/RoutingChannel-5/Src-0/Value",5,0,30,"intValue"
"INPUT_CHANNEL_SOURCE_ROUTING","/Device/Audio/Presets/Live/SourceSelection/RoutingChannel-5/Src-1/Value",5,1,30,"intValue"
"INPUT_CHANNEL_SOURCE_ROUTING","/Device/Audio/Presets/Live/SourceSelection/RoutingChannel-5/Src-2/Value",5,2,30,"intValue"
"INPUT_CHANNEL_SOURCE_ROUTING","/Device/Audio/Presets/Live/SourceSelection/RoutingChannel-5/Src-3/Value",5,3,30,"intValue"
"INPUT_CHANNEL_SOURCE_ROUTING","/Device/Audio/Presets/Live/SourceSelection/RoutingChannel-6/Src-0/Value",6,0,30,"intValue"
"INPUT_CHANNEL_SOURCE_ROUTING","/Device/Audio/Presets/Live/SourceSelection/RoutingChannel-6/Src-1/Value",6,1,30,"intValue"
"INPUT_CHANNEL_SOURCE_ROUTING","/Device/Audio/Presets/Live/SourceSelection/RoutingChannel-6/Src-2/Value",6,2,30,"intValue"
"INPUT_CHANNEL_SOURCE_ROUTING","/Device/Audio/Presets/Live/SourceSelection/RoutingChannel-6/Src-3/Value",6,3,30,"intValue"
"INPUT_CHANNEL_SOURCE_ROUTING","/Device/Audio/Presets/Live/SourceSelection/RoutingChannel-7/Src-0/Value",7,0,30,"intValue"
"INPUT_CHANNEL_SOURCE_ROUTING","/Device/Audio/Presets/Live/SourceSelection/RoutingChannel-7/Src-1/Value",7,1,30,"intValue"
"INPUT_CHANNEL_SOURCE_ROUTING","/Device/Audio/Presets/Live/SourceSelection/RoutingChannel-7/Src-2/Value",7,2,30,"intValue"
"INPUT_CHANNEL_SOURCE_ROUTING","/Device/Audio/Presets/Live/SourceSelection/RoutingChannel-7/Src-3/Value",7,3,30,"intValue"
"INPUT_PILOT_TONE_CARRIER_CHECK","/Device/Audio/Presets/Live/SourceSelection/BackupStrategy/BackupStrategy-0/PilotTone/Enable/Value",0,0,40,"boolValue"
"INPUT_PILOT_TONE_CARRIER_CHECK","/Device/Audio/Presets/Live/SourceSelection/BackupStrategy/BackupStrategy-1/PilotTone/Enable/Value",1,0,40,"boolValue"
"INPUT_PILOT_TONE_CARRIER_CHECK","/Device/Audio/Presets/Live/SourceSelection/BackupStrategy/BackupStrategy-2/PilotTone/Enable/Value",2,0,40,"boolValue"
"INPUT_PILOT_TONE_CARRIER_CHECK","/Device/Audio/Presets/Live/SourceSelection/BackupStrategy/BackupStrategy-3/PilotTone/Enable/Value",3,0,40,"boolValue"
"INPUT_PILOT_TONE_CARRIER_CHECK","/Device/Audio/Presets/Live/SourceSelection/BackupStrategy/BackupStrategy-4/PilotTone/Enable/Value",4,0,40,"boolValue"
"INPUT_PILOT_TONE_CARRIER_CHECK","/Device/Audio/Presets/Live/SourceSelection/BackupStrategy/BackupStrategy-5/PilotTone/Enable/Value",5,0,40,"boolValue"
"INPUT_PILOT_TONE_CARRIER_CHECK","/Device/Audio/Presets/Live/SourceSelection/BackupStrategy/BackupStrategy-6/PilotTone/Enable/Value",6,0,40,"boolValue"
"INPUT_PILOT_TONE_CARRIER_CHECK","/Device/Audio/Presets/Live/SourceSelection/BackupStrategy/BackupStrategy-7/PilotTone/Enable/Value",7,0,40,"boolValue"
"INPUT_PROCESS_GROUPS","/Device/Audio/Presets/Live/Extra/InputProcess/Channels/Channel-0/Groups/",0,0,10,"stringValue"
"INPUT_PROCESS_GROUPS","/Device/Audio/Presets/Live/Extra/InputProcess/Channels/Channel-1/Groups/",1,0,10,"stringValue"
"INPUT_PROCESS_GROUPS","/Device/Audio/Presets/Live/Extra/InputProcess/Channels/Channel-2/Groups/",2,0,10,"stringValue"
"INPUT_PROCESS_GROUPS","/Device/Audio/Presets/Live/Extra/InputProcess/Channels/Channel-3/Groups/",3,0,10,"stringValue"
"INPUT_PROCESS_GROUPS","/Device/Audio/Presets/Live/Extra/InputProcess/Channels/Channel-4/Groups/",4,0,10,"stringValue"
"INPUT_PROCESS_GROUPS","/Device/Audio/Presets/Live/Extra/InputProcess/Channels/Channel-5/Groups/",5,0,10,"stringValue"
"INPUT_PROCESS_GROUPS","/Device/Audio/Presets/Live/Extra/InputProcess/Channels/Channel-6/Groups/",6,0,10,"stringValue"
"INPUT_PROCESS_GROUPS","/Device/Audio/Presets/Live/Extra/InputProcess/Channels/Channel-7/Groups/",7,0,10,"stringValue"
"INPUT_PROCESS_GROUP_ENABLE","/Device/Audio/Presets/Live/Extra/InputProcess/Channels/Channel-0/Groups/Group-0/Enable",0,0,10,"stringValue"
"INPUT_PROCESS_GROUP_ENABLE","/Device/Audio/Presets/Live/Extra/InputProcess/Channels/Channel-0/Groups/Group-1/Enable",0,1,10,"stringValue"
"INPUT_PROCESS_GROUP_ENABLE","/Device/Audio/Presets/Live/Extra/InputProcess/Channels/Channel-0/Groups/Group-2/Enable",0,2,10,"stringValue"
"INPUT_PROCESS_GROUP_ENABLE","/Device/Audio/Presets/Live/Extra/InputProcess/Channels/Channel-0/Groups/Group-3/Enable",0,3,10,"stringValue"
"INPUT_PROCESS_GROUP_ENABLE","/Device/Audio/Presets/Live/Extra/InputProcess/Channels/Channel-0/Groups/Group-4/Enable",0,4,10,"stringValue"
"INPUT_PROCESS_GROUP_ENABLE","/Device/Audio/Presets/Live/Extra/InputProcess/Channels/Channel-0/Groups/Group-5/Enable",0,5,10,"stringValue"
"INPUT_PROCESS_GROUP_ENABLE","/Device/Audio/Presets/Live/Extra/InputProcess/Channels/Channel-0/Groups/Group-6/Enable",0,6,10,"stringValue"
"INPUT_PROCESS_GROUP_ENABLE","/Device/Audio/Presets/Live/Extra/InputProcess/Channels/Channel-0/Groups/Group-7/Enable",0,7,10,"stringValue"
"INPUT_PROCESS_GROUP_ENABLE","/Device/Audio/Presets/Live/Extra/InputProcess/Channels/Channel-1/Groups/Group-0/Enable",1,0,10,"stringValue"
"INPUT_PROCESS_GROUP_ENABLE","/Device/Audio/Presets/Live/Extra/InputProcess/Channels/Channel-1/Groups/Group-1/Enable",1,1,10,"stringValue"
"INPUT_PROCESS_GROUP_ENABLE","/Device/Audio/Presets/Live/Extra/InputProcess/Channels/Channel-1/Groups/Group-2/Enable",1,2,10,"stringValue"
"INPUT_PROCESS_GROUP_ENABLE","/Device/Audio/Presets/Live/Extra/InputProcess/Channels/Channel-1/Groups/Group-3/Enable",1,3,10,"stringValue"
"INPUT_PROCESS_GROUP_ENABLE","/Device/Audio/Presets/Live/Extra/InputProcess/Channels/Channel-1/Groups/Group-4/Enable",1,4,10,"stringValue"
"INPUT_PROCESS_GROUP_ENABLE","/Device/Audio/Presets/Live/Extra/InputProcess/Channels/Channel-1/Groups/Group-5/Enable",1,5,10,"stringValue"
"INPUT_PROCESS_GROUP_ENABLE","/Device/Audio/Presets/Live/Extra/InputProcess/Channels/Channel-1/Groups/Group-6/Enable",1,6,10,"stringValue"
"INPUT_PROCESS_GROUP_ENABLE","/Device/Audio/Presets/Live/Extra/InputProcess/Channels/Channel-1/Groups/Group-7/Enable",1,7,10,"stringValue"
"INPUT_PROCESS_GROUP_ENABLE","/Device/Audio/Presets/Live/Extra/InputProcess/Channels/Channel-2/Groups/Group-0/Enable",2,0,10,"stringValue"
"INPUT_PROCESS_GROUP_ENABLE","/Device/Audio/Presets/Live/Extra/InputProcess/Channels/Channel-2/Groups/Group-1/Enable",2,1,10,"stringValue"
"INPUT_PROCESS_GROUP_ENABLE","/Device/Audio/Presets/Live/Extra/InputProcess/Channels/Channel-2/Groups/Group-2/Enable",2,2,10,"stringValue"
"INPUT_PROCESS_GROUP_ENABLE","/Device/Audio/Presets/Live/Extra/InputProcess/Channels/Channel-2/Groups/Group-3/Enable",2,3,10,"stringValue"
"INPUT_PROCESS_GROUP_ENABLE","/Device/Audio/Presets/Live/Extra/InputProcess/Channels/Channel-2/Groups/Group-4/Enable",2,4,10,"stringValue"
"INPUT_PROCESS_GROUP_ENABLE","/Device/Audio/Presets/Live/Extra/InputProcess/Channels/Channel-2/Groups/Group-5/Enable",2,5,10,"stringValue"
"INPUT_PROCESS_GROUP_ENABLE","/Device/Audio/Presets/Live/Extra/InputProcess/Channels/Channel-2/Groups/Group-6/Enable",2,6,10,"stringValue"
"INPUT_PROCESS_GROUP_ENABLE","/Device/Audio/Presets/Live/Extra/InputProcess/Channels/Channel-2/Groups/Group-7/Enable",2,7,10,"stringValue"
"INPUT_PROCESS_GROUP_ENABLE","/Device/Audio/Presets/Live/Extra/InputProcess/Channels/Channel-3/Groups/Group-0/Enable",3,0,10,"stringValue"
"INPUT_PROCESS_GROUP_ENABLE","/Device/Audio/Presets/Live/Extra/InputProcess/Channels/Channel-3/Groups/Group-1/Enable",3,1,10,"stringValue"
"INPUT_PROCESS_GROUP_ENABLE","/Device/Audio/Presets/Live/Extra/InputProcess/Channels/Channel-3/Groups/Group-2/Enable",3,2,10,"stringValue"
"INPUT_PROCESS_GROUP_ENABLE","/Device/Audio/Presets/Live/Extra/InputProcess/Channels/Channel-3/Groups/Group-3/Enable",3,3,10,"stringValue"
"INPUT_PROCESS_GROUP_ENABLE","/Device/Audio/Presets/Live/Extra/InputProcess/Channels/Channel-3/Groups/Group-4/Enable",3,4,10,"stringValue"
"INPUT_PROCESS_GROUP_ENABLE","/Device/Audio/Presets/Live/Extra/InputProcess/Channels/Channel-3/Groups/Group-5/Enable",3,5,10,"stringValue"
"INPUT_PROCESS_GROUP_ENABLE","/Device/Audio/Presets/Live/Extra/InputProcess/Channels/Channel-3/Groups/Group-6/Enable",3,6,10,"stringValue"
"INPUT_PROCESS_GROUP_ENABLE","/Device/Audio/Presets/Live/Extra/InputProcess/Channels/Channel-3/Groups/Group-7/Enable",3,7,10,"stringValue"
"INPUT_PROCESS_GROUP_ENABLE","/Device/Audio/Presets/Live/Extra/InputProcess/Channels/Channel-4/Groups/Group-0/Enable",4,0,10,"stringValue"
"INPUT_PROCESS_GROUP_ENABLE","/Device/Audio/Presets/Live/Extra/InputProcess/Channels/Channel-4/Groups/Group-1/Enable",4,1,10,"stringValue"
"INPUT_PROCESS_GROUP_ENABLE","/Device/Audio/Presets/Live/Extra/InputProcess/Channels/Channel-4/Groups/Group-2/Enable",4,2,10,"stringValue"
"INPUT_PROCESS_GROUP_ENABLE","/Device/Audio/Presets/Live/Extra/InputProcess/Channels/Channel-4/Groups/Group-3/Enable",4,3,10,"stringValue"
"INPUT_PROCESS_GROUP_ENABLE","/Device/Audio/Presets/Live/Extra/InputProcess/Channels/Channel-4/Groups/Group-4/Enable",4,4,10,"stringValue"
"INPUT_PROCESS_GROUP_ENABLE","/Device/Audio/Presets/Live/Extra/InputProcess/Channels/Channel-4/Groups/Group-5/Enable",4,5,10,"stringValue"
"INPUT_PROCESS_GROUP_ENABLE","/Device/Audio/Presets/Live/Extra/InputProcess/Channels/Channel-4/Groups/Group-6/Enable",4,6,10,"stringValue"
"INPUT_PROCESS_GROUP_ENABLE","/Device/Audio/Presets/Live/Extra/InputProcess/Channels/Channel-4/Groups/Group-7/Enable",4,7,10,"stringValue"
"INPUT_PROCESS_GROUP_ENABLE","/Device/Audio/Presets/Live/Extra/InputProcess/Channels/Channel-5/Groups/Group-0/Enable",5,0,10,"stringValue"
"INPUT_PROCESS_GROUP_ENABLE","/Device/Audio/Presets/Live/Extra/InputProcess/Channels/Channel-5/Groups/Group-1/Enable",5,1,10,"stringValue"
"INPUT_PROCESS_GROUP_ENABLE","/Device/Audio/Presets/Live/Extra/InputProcess/Channels/Channel-5/Groups/Group-2/Enable",5,2,10,"stringValue"
"INPUT_PROCESS_GROUP_ENABLE","/Device/Audio/Presets/Live/Extra/InputProcess/Channels/Channel-5/Groups/Group-3/Enable",5,3,10,"stringValue"
"INPUT_PROCESS_GROUP_ENABLE","/Device/Audio/Presets/Live/Extra/InputProcess/Channels/Channel-5/Groups/Group-4/Enable",5,4,10,"stringValue"
"INPUT_PROCESS_GROUP_ENABLE","/Device/Audio/Presets/Live/Extra/InputProcess/Channels/Channel-5/Groups/Group-5/Enable",5,5,10,"stringValue"
"INPUT_PROCESS_GROUP_ENABLE","/Device/Audio/Presets/Live/Extra/InputProcess/Channels/Channel-5/Groups/Group-6/Enable",5,6,10,"stringValue"
"INPUT_PROCESS_GROUP_ENABLE","/Device/Audio/Presets/Live/Extra/InputProcess/Channels/Channel-5/Groups/Group-7/Enable",5,7,10,"stringValue"
"INPUT_PROCESS_GROUP_ENABLE","/Device/Audio/Presets/Live/Extra/InputProcess/Channels/Channel-6/Groups/Group-0/Enable",6,0,10,"stringValue"
"INPUT_PROCESS_GROUP_ENABLE","/Device/Audio/Presets/Live/Extra/InputProcess/Channels/Channel-6/Groups/Group-1/Enable",6,1,10,"stringValue"
"INPUT_PROCESS_GROUP_ENABLE","/Device/Audio/Presets/Live/Extra/InputProcess/Channels/Channel-6/Groups/Group-2/Enable",6,2,10,"stringValue"
"INPUT_PROCESS_GROUP_ENABLE","/Device/Audio/Presets/Live/Extra/InputProcess/Channels/Channel-6/Groups/Group-3/Enable",6,3,10,"stringValue"
"INPUT_PROCESS_GROUP_ENABLE","/Device/Audio/Presets/Live/Extra/InputProcess/Channels/Channel-6/Groups/Group-4/Enable",6,4,10,"stringValue"
"INPUT_PROCESS_GROUP_ENABLE","/Device/Audio/Presets/Live/Extra/InputProcess/Channels/Channel-6/Groups/Group-5/Enable",6,5,10,"stringValue"
"INPUT_PROCESS_GROUP_ENABLE","/Device/Audio/Presets/Live/Extra/InputProcess/Channels/Channel-6/Groups/Group-6/Enable",6,6,10,"stringValue"
"INPUT_PROCESS_GROUP_ENABLE","/Device/Audio/Presets/Live/Extra/InputProcess/Channels/Channel-6/Groups/Group-7/Enable",6,7,10,"stringValue"
"INPUT_PROCESS_GROUP_ENABLE","/Device/Audio/Presets/Live/Extra/InputProcess/Channels/Channel-7/Groups/Group-0/Enable",7,0,10,"stringValue"
"INPUT_PROCESS_GROUP_ENABLE","/Device/Audio/Presets/Live/Extra/InputProcess/Channels/Channel-7/Groups/Group-1/Enable",7,1,10,"stringValue"
"INPUT_PROCESS_GROUP_ENABLE","/Device/Audio/Presets/Live/Extra/InputProcess/Channels/Channel-7/Groups/Group-2/Enable",7,2,10,"stringValue"
"INPUT_PROCESS_GROUP_ENABLE","/Device/Audio/Presets/Live/Extra/InputProcess/Channels/Channel-7/Groups/Group-3/Enable",7,3,10,"stringValue"
"INPUT_PROCESS_GROUP_ENABLE","/Device/Audio/Presets/Live/Extra/InputProcess/Channels/Channel-7/Groups/Group-4/Enable",7,4,10,"stringValue"
"INPUT_PROCESS_GROUP_ENABLE","/Device/Audio/Presets/Live/Extra/InputProcess/Channels/Channel-7/Groups/Group-5/Enable",7,5,10,"stringValue"
"INPUT_PROCESS_GROUP_ENABLE","/Device/Audio/Presets/Live/Extra/InputProcess/Channels/Channel-7/Groups/Group-6/Enable",7,6,10,"stringValue"
"INPUT_PROCESS_GROUP_ENABLE","/Device/Audio/Presets/Live/Extra/InputProcess/Channels/Channel-7/Groups/Group-7/Enable",7,7,10,"stringValue"
"INPUT_PROCESS_GROUP_MUTE_VALUE","/Device/Audio/Presets/Live/Extra/InputProcess/Channels/Channel-0/Groups/Group-0/Mute/Value",0,0,10,"stringValue"
"INPUT_PROCESS_GROUP_MUTE_VALUE","/Device/Audio/Presets/Live/Extra/InputProcess/Channels/Channel-0/Groups/Group-1/Mute/Value",0,1,10,"stringValue"
"INPUT_PROCESS_GROUP_MUTE_VALUE","/Device/Audio/Presets/Live/Extra/InputProcess/Channels/Channel-0/Groups/Group-2/Mute/Value",0,2,10,"stringValue"
"INPUT_PROCESS_GROUP_MUTE_VALUE","/Device/Audio/Presets/Live/Extra/InputProcess/Channels/Channel-0/Groups/Group-3/Mute/Value",0,3,10,"stringValue"
"INPUT_PROCESS_GROUP_MUTE_VALUE","/Device/Audio/Presets/Live/Extra/InputProcess/Channels/Channel-0/Groups/Group-4/Mute/Value",0,4,10,"stringValue"
"INPUT_PROCESS_GROUP_MUTE_VALUE","/Device/Audio/Presets/Live/Extra/InputProcess/Channels/Channel-0/Groups/Group-5/Mute/Value",0,5,10,"stringValue"
"INPUT_PROCESS_GROUP_MUTE_VALUE","/Device/Audio/Presets/Live/Extra/InputProcess/Channels/Channel-0/Groups/Group-6/Mute/Value",0,6,10,"stringValue"
"INPUT_PROCESS_GROUP_MUTE_VALUE","/Device/Audio/Presets/Live/Extra/InputProcess/Channels/Channel-0/Groups/Group-7/Mute/Value",0,7,10,"stringValue"
"INPUT_PROCESS_GROUP_MUTE_VALUE","/Device/Audio/Presets/Live/Extra/InputProcess/Channels/Channel-1/Groups/Group-0/Mute/Value",1,0,10,"stringValue"
"INPUT_PROCESS_GROUP_MUTE_VALUE","/Device/Audio/Presets/Live/Extra/InputProcess/Channels/Channel-1/Groups/Group-1/Mute/Value",1,1,10,"stringValue"
"INPUT_PROCESS_GROUP_MUTE_VALUE","/Device/Audio/Presets/Live/Extra/InputProcess/Channels/Channel-1/Groups/Group-2/Mute/Value",1,2,10,"stringValue"
"INPUT_PROCESS_GROUP_MUTE_VALUE","/Device/Audio/Presets/Live/Extra/InputProcess/Channels/Channel-1/Groups/Group-3/Mute/Value",1,3,10,"stringValue"
"INPUT_PROCESS_GROUP_MUTE_VALUE","/Device/Audio/Presets/Live/Extra/InputProcess/Channels/Channel-1/Groups/Group-4/Mute/Value",1,4,10,"stringValue"
"INPUT_PROCESS_GROUP_MUTE_VALUE","/Device/Audio/Presets/Live/Extra/InputProcess/Channels/Channel-1/Groups/Group-5/Mute/Value",1,5,10,"stringValue"
"INPUT_PROCESS_GROUP_MUTE_VALUE","/Device/Audio/Presets/Live/Extra/InputProcess/Channels/Channel-1/Groups/Group-6/Mute/Value",1,6,10,"stringValue"
"INPUT_PROCESS_GROUP_MUTE_VALUE","/Device/Audio/Presets/Live/Extra/InputProcess/Channels/Channel-1/Groups/Group-7/Mute/Value",1,7,10,"stringValue"
"INPUT_PROCESS_GROUP_MUTE_VALUE","/Device/Audio/Presets/Live/Extra/InputProcess/Channels/Channel-2/Groups/Group-0/Mute/Value",2,0,10,"stringValue"
"INPUT_PROCESS_GROUP_MUTE_VALUE","/Device/Audio/Presets/Live/Extra/InputProcess/Channels/Channel-2/Groups/Group-1/Mute/Value",2,1,10,"stringValue"
"INPUT_PROCESS_GROUP_MUTE_VALUE","/Device/Audio/Presets/Live/Extra/InputProcess/Channels/Channel-2/Groups/Group-2/Mute/Value",2,2,10,"stringValue"
"INPUT_PROCESS_GROUP_MUTE_VALUE","/Device/Audio/Presets/Live/Extra/InputProcess/Channels/Channel-2/Groups/Group-3/Mute/Value",2,3,10,"stringValue"
"INPUT_PROCESS_GROUP_MUTE_VALUE","/Device/Audio/Presets/Live/Extra/InputProcess/Channels/Channel-2/Groups/Group-4/Mute/Value",2,4,10,"stringValue"
"INPUT_PROCESS_GROUP_MUTE_VALUE","/Device/Audio/Presets/Live/Extra/InputProcess/Channels/Channel-2/Groups/Group-5/Mute/Value",2,5,10,"stringValue"
"INPUT_PROCESS_GROUP_MUTE_VALUE","/Device/Audio/Presets/Live/Extra/InputProcess/Channels/Channel-2/Groups/Group-6/Mute/Value",2,6,10,"stringValue"
"INPUT_PROCESS_GROUP_MUTE_VALUE","/Device/Audio/Presets/Live/Extra/InputProcess/Channels/Channel-2/Groups/Group-7/Mute/Value",2,7,10,"stringValue"
"INPUT_PROCESS_GROUP_MUTE_VALUE","/Device/Audio/Presets/Live/Extra/InputProcess/Channels/Channel-3/Groups/Group-0/Mute/Value",3,0,10,"stringValue"
"INPUT_PROCESS_GROUP_MUTE_VALUE","/Device/Audio/Presets/Live/Extra/InputProcess/Channels/Channel-3/Groups/Group-1/Mute/Value",3,1,10,"stringValue"
"INPUT_PROCESS_GROUP_MUTE_VALUE","/Device/Audio/Presets/Live/Extra/InputProcess/Channels/Channel-3/Groups/Group-2/Mute/Value",3,2,10,"stringValue"
"INPUT_PROCESS_GROUP_MUTE_VALUE","/Device/Audio/Presets/Live/Extra/InputProcess/Channels/Channel-3/Groups/Group-3/Mute/Value",3,3,10,"stringValue"
"INPUT_PROCESS_GROUP_MUTE_VALUE","/Device/Audio/Presets/Live/Extra/InputProcess/Channels/Channel-3/Groups/Group-4/Mute/Value",3,4,10,"stringValue"
"INPUT_PROCESS_GROUP_MUTE_VALUE","/Device/Audio/Presets/Live/Extra/InputProcess/Channels/Channel-3/Groups/Group-5/Mute/Value",3,5,10,"stringValue"
"INPUT_PROCESS_GROUP_MUTE_VALUE","/Device/Audio/Presets/Live/Extra/InputProcess/Channels/Channel-3/Groups/Group-6/Mute/Value",3,6,10,"stringValue"
"INPUT_PROCESS_GROUP_MUTE_VALUE","/Device/Audio/Presets/Live/Extra/InputProcess/Channels/Channel-3/Groups/Group-7/Mute/Value",3,7,10,"stringValue"
"INPUT_PROCESS_GROUP_MUTE_VALUE","/Device/Audio/Presets/Live/Extra/InputProcess/Channels/Channel-4/Groups/Group-0/Mute/Value",4,0,10,"stringValue"
"INPUT_PROCESS_GROUP_MUTE_VALUE","/Device/Audio/Presets/Live/Extra/InputProcess/Channels/Channel-4/Groups/Group-1/Mute/Value",4,1,10,"stringValue"
"INPUT_PROCESS_GROUP_MUTE_VALUE","/Device/Audio/Presets/Live/Extra/InputProcess/Channels/Channel-4/Groups/Group-2/Mute/Value",4,2,10,"stringValue"
"INPUT_PROCESS_GROUP_MUTE_VALUE","/Device/Audio/Presets/Live/Extra/InputProcess/Channels/Channel-4/Groups/Group-3/Mute/Value",4,3,10,"stringValue"
"INPUT_PROCESS_GROUP_MUTE_VALUE","/Device/Audio/Presets/Live/Extra/InputProcess/Channels/Channel-4/Groups/Group-4/Mute/Value",4,4,10,"stringValue"
"INPUT_PROCESS_GROUP_MUTE_VALUE","/Device/Audio/Presets/Live/Extra/InputProcess/Channels/Channel-4/Groups/Group-5/Mute/Value",4,5,10,"stringValue"
"INPUT_PROCESS_GROUP_MUTE_VALUE","/Device/Audio/Presets/Live/Extra/InputProcess/Channels/Channel-4/Groups/Group-6/Mute/Value",4,6,10,"stringValue"
"INPUT_PROCESS_GROUP_MUTE_VALUE","/Device/Audio/Presets/Live/Extra/InputProcess/Channels/Channel-4/Groups/Group-7/Mute/Value",4,7,10,"stringValue"
"INPUT_PROCESS_GROUP_MUTE_VALUE","/Device/Audio/Presets/Live/Extra/InputProcess/Channels/Channel-5/Groups/Group-0/Mute/Value",5,0,10,"stringValue"
"INPUT_PROCESS_GROUP_MUTE_VALUE","/Device/Audio/Presets/Live/Extra/InputProcess/Channels/Channel-5/Groups/Group-1/Mute/Value",5,1,10,"stringValue"
"INPUT_PROCESS_GROUP_MUTE_VALUE","/Device/Audio/Presets/Live/Extra/InputProcess/Channels/Channel-5/Groups/Group-2/Mute/Value",5,2,10,"stringValue"
"INPUT_PROCESS_GROUP_MUTE_VALUE","/Device/Audio/Presets/Live/Extra/InputProcess/Channels/Channel-5/Groups/Group-3/Mute/Value",5,3,10,"stringValue"
"INPUT_PROCESS_GROUP_MUTE_VALUE","/Device/Audio/Presets/Live/Extra/InputProcess/Channels/Channel-5/Groups/Group-4/Mute/Value",5,4,10,"stringValue"
"INPUT_PROCESS_GROUP_MUTE_VALUE","/Device/Audio/Presets/Live/Extra/InputProcess/Channels/Channel-5/Groups/Group-5/Mute/Value",5,5,10,"stringValue"
"INPUT_PROCESS_GROUP_MUTE_VALUE","/Device/Audio/Presets/Live/Extra/InputProcess/Channels/Channel-5/Groups/Group-6/Mute/Value",5,6,10,"stringValue"
"INPUT_PROCESS_GROUP_MUTE_VALUE","/Device/Audio/Presets/Live/Extra/InputProcess/Channels/Channel-5/Groups/Group-7/Mute/Value",5,7,10,"stringValue"
"INPUT_PROCESS_GROUP_MUTE_VALUE","/Device/Audio/Presets/Live/Extra/InputProcess/Channels/Channel-6/Groups/Group-0/Mute/Value",6,0,10,"stringValue"
"INPUT_PROCESS_GROUP_MUTE_VALUE","/Device/Audio/Presets/Live/Extra/InputProcess/Channels/Channel-6/Groups/Group-1/Mute/Value",6,1,10,"stringValue"
"INPUT_PROCESS_GROUP_MUTE_VALUE","/Device/Audio/Presets/Live/Extra/InputProcess/Channels/Channel-6/Groups/Group-2/Mute/Value",6,2,10,"stringValue"
"INPUT_PROCESS_GROUP_MUTE_VALUE","/Device/Audio/Presets/Live/Extra/InputProcess/Channels/Channel-6/Groups/Group-3/Mute/Value",6,3,10,"stringValue"
"INPUT_PROCESS_GROUP_MUTE_VALUE","/Device/Audio/Presets/Live/Extra/InputProcess/Channels/Channel-6/Groups/Group-4/Mute/Value",6,4,10,"stringValue"
"INPUT_PROCESS_GROUP_MUTE_VALUE","/Device/Audio/Presets/Live/Extra/InputProcess/Channels/Channel-6/Groups/Group-5/Mute/Value",6,5,10,"stringValue"
"INPUT_PROCESS_GROUP_MUTE_VALUE","/Device/Audio/Presets/Live/Extra/InputProcess/Channels/Channel-6/Groups/Group-6/Mute/Value",6,6,10,"stringValue"
"INPUT_PROCESS_GROUP_MUTE_VALUE","/Device/Audio/Presets/Live/Extra/InputProcess/Channels/Channel-6/Groups/Group-7/Mute/Value",6,7,10,"stringValue"
"INPUT_PROCESS_GROUP_MUTE_VALUE","/Device/Audio/Presets/Live/Extra/InputProcess/Channels/Channel-7/Groups/Group-0/Mute/Value",7,0,10,"stringValue"
"INPUT_PROCESS_GROUP_MUTE_VALUE","/Device/Audio/Presets/Live/Extra/InputProcess/Channels/Channel-7/Groups/Group-1/Mute/Value",7,1,10,"stringValue"
"INPUT_PROCESS_GROUP_MUTE_VALUE","/Device/Audio/Presets/Live/Extra/InputProcess/Channels/Channel-7/Groups/Group-2/Mute/Value",7,2,10,"stringValue"
"INPUT_PROCESS_GROUP_MUTE_VALUE","/Device/Audio/Presets/Live/Extra/InputProcess/Channels/Channel-7/Groups/Group-3/Mute/Value",7,3,10,"stringValue"
"INPUT_PROCESS_GROUP_MUTE_VALUE","/Device/Audio/Presets/Live/Extra/InputProcess/Channels/Channel-7/Groups/Group-4/Mute/Value",7,4,10,"stringValue"
"INPUT_PROCESS_GROUP_MUTE_VALUE","/Device/Audio/Presets/Live/Extra/InputProcess/Channels/Channel-7/Groups/Group-5/Mute/Value",7,5,10,"stringValue"
"INPUT_PROCESS_GROUP_MUTE_VALUE","/Device/Audio/Presets/Live/Extra/InputProcess/Channels/Channel-7/Groups/Group-6/Mute/Value",7,6,10,"stringValue"
"INPUT_PROCESS_GROUP_MUTE_VALUE","/Device/Audio/Presets/Live/Extra/InputProcess/Channels/Channel-7/Groups/Group-7/Mute/Value",7,7,10,"stringValue"
"INPUT_PROCESS_GROUP_GAIN_VALUE","/Device/Audio/Presets/Live/Extra/InputProcess/Channels/Channel-0/Groups/Group-0/Gain/Value",0,0,20,"floatValue"
"INPUT_PROCESS_GROUP_GAIN_VALUE","/Device/Audio/Presets/Live/Extra/InputProcess/Channels/Channel-0/Groups/Group-1/Gain/Value",0,1,20,"floatValue"
"INPUT_PROCESS_GROUP_GAIN_VALUE","/Device/Audio/Presets/Live/Extra/InputProcess/Channels/Channel-0/Groups/Group-2/Gain/Value",0,2,20,"floatValue"
"INPUT_PROCESS_GROUP_GAIN_VALUE","/Device/Audio/Presets/Live/Extra/InputProcess/Channels/Channel-0/Groups/Group-3/Gain/Value",0,3,20,"floatValue"
"INPUT_PROCESS_GROUP_GAIN_VALUE","/Device/Audio/Presets/Live/Extra/InputProcess/Channels/Channel-0/Groups/Group-4/Gain/Value",0,4,20,"floatValue"
"INPUT_PROCESS_GROUP_GAIN_VALUE","/Device/Audio/Presets/Live/Extra/InputProcess/Channels/Channel-0/Groups/Group-5/Gain/Value",0,5,20,"floatValue"
"INPUT_PROCESS_GROUP_GAIN_VALUE","/Device/Audio/Presets/Live/Extra/InputProcess/Channels/Channel-0/Groups/Group-6/Gain/Value",0,6,20,"floatValue"
"INPUT_PROCESS_GROUP_GAIN_VALUE","/Device/Audio/Presets/Live/Extra/InputProcess/Channels/Channel-0/Groups/Group-7/Gain/Value",0,7,20,"floatValue"
"INPUT_PROCESS_GROUP_GAIN_VALUE","/Device/Audio/Presets/Live/Extra/InputProcess/Channels/Channel-1/Groups/Group-0/Gain/Value",1,0,20,"floatValue"
"INPUT_PROCESS_GROUP_GAIN_VALUE","/Device/Audio/Presets/Live/Extra/InputProcess/Channels/Channel-1/Groups/Group-1/Gain/Value",1,1,20,"floatValue"
"INPUT_PROCESS_GROUP_GAIN_VALUE","/Device/Audio/Presets/Live/Extra/InputProcess/Channels/Channel-1/Groups/Group-2/Gain/Value",1,2,20,"floatValue"
"INPUT_PROCESS_GROUP_GAIN_VALUE","/Device/Audio/Presets/Live/Extra/InputProcess/Channels/Channel-1/Groups/Group-3/Gain/Value",1,3,20,"floatValue"
"INPUT_PROCESS_GROUP_GAIN_VALUE","/Device/Audio/Presets/Live/Extra/InputProcess/Channels/Channel-1/Groups/Group-4/Gain/Value",1,4,20,"floatValue"
"INPUT_PROCESS_GROUP_GAIN_VALUE","/Device/Audio/Presets/Live/Extra/InputProcess/Channels/Channel-1/Groups/Group-5/Gain/Value",1,5,20,"floatValue"
"INPUT_PROCESS_GROUP_GAIN_VALUE","/Device/Audio/Presets/Live/Extra/InputProcess/Channels/Channel-1/Groups/Group-6/Gain/Value",1,6,20,"floatValue"
"INPUT_PROCESS_GROUP_GAIN_VALUE","/Device/Audio/Presets/Live/Extra/InputProcess/Channels/Channel-1/Groups/Group-7/Gain/Value",1,7,20,"floatValue"
"INPUT_PROCESS_GROUP_GAIN_VALUE","/Device/Audio/Presets/Live/Extra/InputProcess/Channels/Channel-2/Groups/Group-0/Gain/Value",2,0,20,"floatValue"
"INPUT_PROCESS_GROUP_GAIN_VALUE","/Device/Audio/Presets/Live/Extra/InputProcess/Channels/Channel-2/Groups/Group-1/Gain/Value",2,1,20,"floatValue"
"INPUT_PROCESS_GROUP_GAIN_VALUE","/Device/Audio/Presets/Live/Extra/InputProcess/Channels/Channel-2/Groups/Group-2/Gain/Value",2,2,20,"floatValue"
"INPUT_PROCESS_GROUP_GAIN_VALUE","/Device/Audio/Presets/Live/Extra/InputProcess/Channels/Channel-2/Groups/Group-3/Gain/Value",2,3,20,"floatValue"
"INPUT_PROCESS_GROUP_GAIN_VALUE","/Device/Audio/Presets/Live/Extra/InputProcess/Channels/Channel-2/Groups/Group-4/Gain/Value",2,4,20,"floatValue"
"INPUT_PROCESS_GROUP_GAIN_VALUE","/Device/Audio/Presets/Live/Extra/InputProcess/Channels/Channel-2/Groups/Group-5/Gain/Value",2,5,20,"floatValue"
"INPUT_PROCESS_GROUP_GAIN_VALUE","/Device/Audio/Presets/Live/Extra/InputProcess/Channels/Channel-2/Groups/Group-6/Gain/Value",2,6,20,"floatValue"
"INPUT_PROCESS_GROUP_GAIN_VALUE","/Device/Audio/Presets/Live/Extra/InputProcess/Channels/Channel-2/Groups/Group-7/Gain/Value",2,7,20,"floatValue"
"INPUT_PROCESS_GROUP_GAIN_VALUE","/Device/Audio/Presets/Live/Extra/InputProcess/Channels/Channel-3/Groups/Group-0/Gain/Value",3,0,20,"floatValue"
"INPUT_PROCESS_GROUP_GAIN_VALUE","/Device/Audio/Presets/Live/Extra/InputProcess/Channels/Channel-3/Groups/Group-1/Gain/Value",3,1,20,"floatValue"
"INPUT_PROCESS_GROUP_GAIN_VALUE","/Device/Audio/Presets/Live/Extra/InputProcess/Channels/Channel-3/Groups/Group-2/Gain/Value",3,2,20,"floatValue"
"INPUT_PROCESS_GROUP_GAIN_VALUE","/Device/Audio/Presets/Live/Extra/InputProcess/Channels/Channel-3/Groups/Group-3/Gain/Value",3,3,20,"floatValue"
"INPUT_PROCESS_GROUP_GAIN_VALUE","/Device/Audio/Presets/Live/Extra/InputProcess/Channels/Channel-3/Groups/Group-4/Gain/Value",3,4,20,"floatValue"
"INPUT_PROCESS_GROUP_GAIN_VALUE","/Device/Audio/Presets/Live/Extra/InputProcess/Channels/Channel-3/Groups/Group-5/Gain/Value",3,5,20,"floatValue"
"INPUT_PROCESS_GROUP_GAIN_VALUE","/Device/Audio/Presets/Live/Extra/InputProcess/Channels/Channel-3/Groups/Group-6/Gain/Value",3,6,20,"floatValue"
"INPUT_PROCESS_GROUP_GAIN_VALUE","/Device/Audio/Presets/Live/Extra/InputProcess/Channels/Channel-3/Groups/Group-7/Gain/Value",3,7,20,"floatValue"
"INPUT_PROCESS_GROUP_GAIN_VALUE","/Device/Audio/Presets/Live/Extra/InputProcess/Channels/Channel-4/Groups/Group-1/Gain/Value",4,1,20,"floatValue"
"INPUT_PROCESS_GROUP_GAIN_VALUE","/Device/Audio/Presets/Live/Extra/InputProcess/Channels/Channel-4/Groups/Group-2/Gain/Value",4,2,20,"floatValue"
"INPUT_PROCESS_GROUP_GAIN_VALUE","/Device/Audio/Presets/Live/Extra/InputProcess/Channels/Channel-4/Groups/Group-4/Gain/Value",4,4,20,"floatValue"
"INPUT_PROCESS_GROUP_GAIN_VALUE","/Device/Audio/Presets/Live/Extra/InputProcess/Channels/Channel-4/Groups/Group-6/Gain/Value",4,6,20,"floatValue"
"INPUT_PROCESS_GROUP_GAIN_VALUE","/Device/Audio/Presets/Live/Extra/InputProcess/Channels/Channel-5/Groups/Group-0/Gain/Value",5,0,20,"floatValue"
"INPUT_PROCESS_GROUP_GAIN_VALUE","/Device/Audio/Presets/Live/Extra/InputProcess/Channels/Channel-5/Groups/Group-2/Gain/Value",5,2,20,"floatValue"
"INPUT_PROCESS_GROUP_GAIN_VALUE","/Device/Audio/Presets/Live/Extra/InputProcess/Channels/Channel-5/Groups/Group-3/Gain/Value",5,3,20,"floatValue"
"INPUT_PROCESS_GROUP_GAIN_VALUE","/Device/Audio/Presets/Live/Extra/InputProcess/Channels/Channel-5/Groups/Group-4/Gain/Value",5,4,20,"floatValue"
"INPUT_PROCESS_GROUP_GAIN_VALUE","/Device/Audio/Presets/Live/Extra/InputProcess/Channels/Channel-5/Groups/Group-6/Gain/Value",5,6,20,"floatValue"
"INPUT_PROCESS_GROUP_GAIN_VALUE","/Device/Audio/Presets/Live/Extra/InputProcess/Channels/Channel-6/Groups/Group-4/Gain/Value",6,4,20,"floatValue"
"INPUT_PROCESS_GROUP_DELAY_ENABLE","/Device/Audio/Presets/Live/Extra/InputProcess/Channels/Channel-5/Groups/Group-5/InDelay/Enable",5,5,10,"stringValue"
"INPUT_PROCESS_GROUP_DELAY_ENABLE","/Device/Audio/Presets/Live/Extra/InputProcess/Channels/Channel-7/Groups/Group-0/InDelay/Enable",7,0,10,"stringValue"
"INPUT_SOURCE_AUX_INPUT_ENABLE","/Device/Audio/Presets/Live/SourceSelection/BackupStrategy/BackupStrategy-0/AuxInput/Value",0,0,40,"boolValue"
"LATENCY_COMPENSATION","/Device/Audio/Presets/Live/Generals/LatencyCompensation/Type",0,0,10,"stringValue"
"MATRIX_INPUT_MUTE","/Device/Audio/Presets/Live/InputMatrix/InMute-0/Value",0,0,40,"boolValue"
"MATRIX_INPUT_MUTE","/Device/Audio/Presets/Live/InputMatrix/InMute-1/Value",1,0,40,"boolValue"
"MATRIX_INPUT_MUTE","/Device/Audio/Presets/Live/InputMatrix/InMute-2/Value",2,0,40,"boolValue"
"MATRIX_INPUT_MUTE","/Device/Audio/Presets/Live/InputMatrix/InMute-3/Value",3,0,40,"boolValue"
"MATRIX_INPUT_MUTE","/Device/Audio/Presets/Live/InputMatrix/InMute-4/Value",4,0,40,"boolValue"
"MATRIX_INPUT_MUTE","/Device/Audio/Presets/Live/InputMatrix/InMute-5/Value",5,0,40,"boolValue"
"MATRIX_INPUT_MUTE","/Device/Audio/Presets/Live/InputMatrix/InMute-6/Value",6,0,40,"boolValue"
"MATRIX_INPUT_MUTE","/Device/Audio/Presets/Live/InputMatrix/InMute-7/Value",7,0,40,"boolValue"
"MATRIX_INPUT_GAIN","/Device/Audio/Presets/Live/InputMatrix/InGain-0/Value",0,0,20,"floatValue"
"MATRIX_INPUT_GAIN","/Device/Audio/Presets/Live/InputMatrix/InGain-1/Value",1,0,20,"floatValue"
"MATRIX_INPUT_GAIN","/Device/Audio/Presets/Live/InputMatrix/InGain-2/Value",2,0,20,"floatValue"
"MATRIX_INPUT_GAIN","/Device/Audio/Presets/Live/InputMatrix/InGain-3/Value",3,0,20,"floatValue"
"MATRIX_INPUT_GAIN","/Device/Audio/Presets/Live/InputMatrix/InGain-4/Value",4,0,20,"floatValue"
"MATRIX_INPUT_GAIN","/Device/Audio/Presets/Live/InputMatrix/InGain-5/Value",5,0,20,"floatValue"
"MATRIX_INPUT_GAIN","/Device/Audio/Presets/Live/InputMatrix/InGain-6/Value",6,0,20,"floatValue"
"MATRIX_INPUT_GAIN","/Device/Audio/Presets/Live/InputMatrix/InGain-7/Value",7,0,20,"floatValue"
"MATRIX_GAIN","/Device/Audio/Presets/Live/InputMatrix/Channels/Channel-0/Gain-0/Value",0,0,20,"floatValue"
"MATRIX_GAIN","/Device/Audio/Presets/Live/InputMatrix/Channels/Channel-0/Gain-1/Value",0,1,20,"floatValue"
"MATRIX_GAIN","/Device/Audio/Presets/Live/InputMatrix/Channels/Channel-0/Gain-2/Value",0,2,20,"floatValue"
"MATRIX_GAIN","/Device/Audio/Presets/Live/InputMatrix/Channels/Channel-0/Gain-3/Value",0,3,20,"floatValue"
"MATRIX_GAIN","/Device/Audio/Presets/Live/InputMatrix/Channels/Channel-0/Gain-4/Value",0,4,20,"floatValue"
"MATRIX_GAIN","/Device/Audio/Presets/Live/InputMatrix/Channels/Channel-0/Gain-5/Value",0,5,20,"floatValue"
"MATRIX_GAIN","/Device/Audio/Presets/Live/InputMatrix/Channels/Channel-0/Gain-6/Value",0,6,20,"floatValue"
"MATRIX_GAIN","/Device/Audio/Presets/Live/InputMatrix/Channels/Channel-0/Gain-7/Value",0,7,20,"floatValue"
"MATRIX_GAIN","/Device/Audio/Presets/Live/InputMatrix/Channels/Channel-1/Gain-0/Value",1,0,20,"floatValue"
"MATRIX_GAIN","/Device/Audio/Presets/Live/InputMatrix/Channels/Channel-1/Gain-1/Value",1,1,20,"floatValue"
"MATRIX_GAIN","/Device/Audio/Presets/Live/InputMatrix/Channels/Channel-1/Gain-2/Value",1,2,20,"floatValue"
"MATRIX_GAIN","/Device/Audio/Presets/Live/InputMatrix/Channels/Channel-1/Gain-3/Value",1,3,20,"floatValue"
"MATRIX_GAIN","/Device/Audio/Presets/Live/InputMatrix/Channels/Channel-1/Gain-4/Value",1,4,20,"floatValue"
"MATRIX_GAIN","/Device/Audio/Presets/Live/InputMatrix/Channels/Channel-1/Gain-5/Value",1,5,20,"floatValue"
"MATRIX_GAIN","/Device/Audio/Presets/Live/InputMatrix/Channels/Channel-1/Gain-6/Value",1,6,20,"floatValue"
"MATRIX_GAIN","/Device/Audio/Presets/Live/InputMatrix/Channels/Channel-1/Gain-7/Value",1,7,20,"floatValue"
"MATRIX_GAIN","/Device/Audio/Presets/Live/InputMatrix/Channels/Channel-2/Gain-0/Value",2,0,20,"floatValue"
"MATRIX_GAIN","/Device/Audio/Presets/Live/InputMatrix/Channels/Channel-2/Gain-1/Value",2,1,20,"floatValue"
"MATRIX_GAIN","/Device/Audio/Presets/Live/InputMatrix/Channels/Channel-2/Gain-2/Value",2,2,20,"floatValue"
"MATRIX_GAIN","/Device/Audio/Presets/Live/InputMatrix/Channels/Channel-2/Gain-3/Value",2,3,20,"floatValue"
"MATRIX_GAIN","/Device/Audio/Presets/Live/InputMatrix/Channels/Channel-2/Gain-4/Value",2,4,20,"floatValue"
"MATRIX_GAIN","/Device/Audio/Presets/Live/InputMatrix/Channels/Channel-2/Gain-5/Value",2,5,20,"floatValue"
"MATRIX_GAIN","/Device/Audio/Presets/Live/InputMatrix/Channels/Channel-2/Gain-6/Value",2,6,20,"floatValue"
"MATRIX_GAIN","/Device/Audio/Presets/Live/InputMatrix/Channels/Channel-2/Gain-7/Value",2,7,20,"floatValue"
"MATRIX_GAIN","/Device/Audio/Presets/Live/InputMatrix/Channels/Channel-3/Gain-0/Value",3,0,20,"floatValue"
"MATRIX_GAIN","/Device/Audio/Presets/Live/InputMatrix/Channels/Channel-3/Gain-1/Value",3,1,20,"floatValue"
"MATRIX_GAIN","/Device/Audio/Presets/Live/InputMatrix/Channels/Channel-3/Gain-2/Value",3,2,20,"floatValue"
"MATRIX_GAIN","/Device/Audio/Presets/Live/InputMatrix/Channels/Channel-3/Gain-3/Value",3,3,20,"floatValue"
"MATRIX_GAIN","/Device/Audio/Presets/Live/InputMatrix/Channels/Channel-3/Gain-4/Value",3,4,20,"floatValue"
"MATRIX_GAIN","/Device/Audio/Presets/Live/InputMatrix/Channels/Channel-3/Gain-5/Value",3,5,20,"floatValue"
"MATRIX_GAIN","/Device/Audio/Presets/Live/InputMatrix/Channels/Channel-3/Gain-6/Value",3,6,20,"floatValue"
"MATRIX_GAIN","/Device/Audio/Presets/Live/InputMatrix/Channels/Channel-3/Gain-7/Value",3,7,20,"floatValue"
"MATRIX_GAIN","/Device/Audio/Presets/Live/InputMatrix/Channels/Channel-4/Gain-0/Value",4,0,20,"floatValue"
"MATRIX_GAIN","/Device/Audio/Presets/Live/InputMatrix/Channels/Channel-4/Gain-1/Value",4,1,20,"floatValue"
"MATRIX_GAIN","/Device/Audio/Presets/Live/InputMatrix/Channels/Channel-4/Gain-2/Value",4,2,20,"floatValue"
"MATRIX_GAIN","/Device/Audio/Presets/Live/InputMatrix/Channels/Channel-4/Gain-3/Value",4,3,20,"floatValue"
"MATRIX_GAIN","/Device/Audio/Presets/Live/InputMatrix/Channels/Channel-4/Gain-4/Value",4,4,20,"floatValue"
"MATRIX_GAIN","/Device/Audio/Presets/Live/InputMatrix/Channels/Channel-4/Gain-5/Value",4,5,20,"floatValue"
"MATRIX_GAIN","/Device/Audio/Presets/Live/InputMatrix/Channels/Channel-4/Gain-6/Value",4,6,20,"floatValue"
"MATRIX_GAIN","/Device/Audio/Presets/Live/InputMatrix/Channels/Channel-4/Gain-7/Value",4,7,20,"floatValue"
"MATRIX_GAIN","/Device/Audio/Presets/Live/InputMatrix/Channels/Channel-5/Gain-0/Value",5,0,20,"floatValue"
"MATRIX_GAIN","/Device/Audio/Presets/Live/InputMatrix/Channels/Channel-5/Gain-1/Value",5,1,20,"floatValue"
"MATRIX_GAIN","/Device/Audio/Presets/Live/InputMatrix/Channels/Channel-5/Gain-2/Value",5,2,20,"floatValue"
"MATRIX_GAIN","/Device/Audio/Presets/Live/InputMatrix/Channels/Channel-5/Gain-3/Value",5,3,20,"floatValue"
"MATRIX_GAIN","/Device/Audio/Presets/Live/InputMatrix/Channels/Channel-5/Gain-4/Value",5,4,20,"floatValue"
"MATRIX_GAIN","/Device/Audio/Presets/Live/InputMatrix/Channels/Channel-5/Gain-5/Value",5,5,20,"floatValue"
"MATRIX_GAIN","/Device/Audio/Presets/Live/InputMatrix/Channels/Channel-5/Gain-6/Value",5,6,20,"floatValue"
"MATRIX_GAIN","/Device/Audio/Presets/Live/InputMatrix/Channels/Channel-5/Gain-7/Value",5,7,20,"floatValue"
"MATRIX_GAIN","/Device/Audio/Presets/Live/InputMatrix/Channels/Channel-6/Gain-0/Value",6,0,20,"floatValue"
"MATRIX_GAIN","/Device/Audio/Presets/Live/InputMatrix/Channels/Channel-6/Gain-1/Value",6,1,20,"floatValue"
"MATRIX_GAIN","/Device/Audio/Presets/Live/InputMatrix/Channels/Channel-6/Gain-2/Value",6,2,20,"floatValue"
"MATRIX_GAIN","/Device/Audio/Presets/Live/InputMatrix/Channels/Channel-6/Gain-3/Value",6,3,20,"floatValue"
"MATRIX_GAIN","/Device/Audio/Presets/Live/InputMatrix/Channels/Channel-6/Gain-4/Value",6,4,20,"floatValue"
"MATRIX_GAIN","/Device/Audio/Presets/Live/InputMatrix/Channels/Channel-6/Gain-5/Value",6,5,20,"floatValue"
"MATRIX_GAIN","/Device/Audio/Presets/Live/InputMatrix/Channels/Channel-6/Gain-6/Value",6,6,20,"floatValue"
"MATRIX_GAIN","/Device/Audio/Presets/Live/InputMatrix/Channels/Channel-6/Gain-7/Value",6,7,20,"floatValue"
"MATRIX_GAIN","/Device/Audio/Presets/Live/InputMatrix/Channels/Channel-7/Gain-0/Value",7,0,20,"floatValue"
"MATRIX_GAIN","/Device/Audio/Presets/Live/InputMatrix/Channels/Channel-7/Gain-1/Value",7,1,20,"floatValue"
"MATRIX_GAIN","/Device/Audio/Presets/Live/InputMatrix/Channels/Channel-7/Gain-2/Value",7,2,20,"floatValue"
"MATRIX_GAIN","/Device/Audio/Presets/Live/InputMatrix/Channels/Channel-7/Gain-3/Value",7,3,20,"floatValue"
"MATRIX_GAIN","/Device/Audio/Presets/Live/InputMatrix/Channels/Channel-7/Gain-4/Value",7,4,20,"floatValue"
"MATRIX_GAIN","/Device/Audio/Presets/Live/InputMatrix/Channels/Channel-7/Gain-5/Value",7,5,20,"floatValue"
"MATRIX_GAIN","/Device/Audio/Presets/Live/InputMatrix/Channels/Channel-7/Gain-6/Value",7,6,20,"floatValue"
"MATRIX_GAIN","/Device/Audio/Presets/Live/InputMatrix/Channels/Channel-7/Gain-7/Value",7,7,20,"floatValue"
"MATRIX_MUTE","/Device/Audio/Presets/Live/InputMatrix/Channels/Channel-0/Mute-0/Value",0,0,40,"boolValue"
"MATRIX_MUTE","/Device/Audio/Presets/Live/InputMatrix/Channels/Channel-0/Mute-1/Value",0,1,40,"boolValue"
"MATRIX_MUTE","/Device/Audio/Presets/Live/InputMatrix/Channels/Channel-0/Mute-2/Value",0,2,40,"boolValue"
"MATRIX_MUTE","/Device/Audio/Presets/Live/InputMatrix/Channels/Channel-0/Mute-3/Value",0,3,40,"boolValue"
"MATRIX_MUTE","/Device/Audio/Presets/Live/InputMatrix/Channels/Channel-0/Mute-4/Value",0,4,40,"boolValue"
"MATRIX_MUTE","/Device/Audio/Presets/Live/InputMatrix/Channels/Channel-0/Mute-5/Value",0,5,40,"boolValue"
"MATRIX_MUTE","/Device/Audio/Presets/Live/InputMatrix/Channels/Channel-0/Mute-6/Value",0,6,40,"boolValue"
"MATRIX_MUTE","/Device/Audio/Presets/Live/InputMatrix/Channels/Channel-0/Mute-7/Value",0,7,40,"boolValue"
"MATRIX_MUTE","/Device/Audio/Presets/Live/InputMatrix/Channels/Channel-1/Mute-0/Value",1,0,40,"boolValue"
"MATRIX_MUTE","/Device/Audio/Presets/Live/InputMatrix/Channels/Channel-1/Mute-1/Value",1,1,40,"boolValue"
"MATRIX_MUTE","/Device/Audio/Presets/Live/InputMatrix/Channels/Channel-1/Mute-2/Value",1,2,40,"boolValue"
"MATRIX_MUTE","/Device/Audio/Presets/Live/InputMatrix/Channels/Channel-1/Mute-3/Value",1,3,40,"boolValue"
"MATRIX_MUTE","/Device/Audio/Presets/Live/InputMatrix/Channels/Channel-1/Mute-4/Value",1,4,40,"boolValue"
"MATRIX_MUTE","/Device/Audio/Presets/Live/InputMatrix/Channels/Channel-1/Mute-5/Value",1,5,40,"boolValue"
"MATRIX_MUTE","/Device/Audio/Presets/Live/InputMatrix/Channels/Channel-1/Mute-6/Value",1,6,40,"boolValue"
"MATRIX_MUTE","/Device/Audio/Presets/Live/InputMatrix/Channels/Channel-1/Mute-7/Value",1,7,40,"boolValue"
"MATRIX_MUTE","/Device/Audio/Presets/Live/InputMatrix/Channels/Channel-2/Mute-0/Value",2,0,40,"boolValue"
"MATRIX_MUTE","/Device/Audio/Presets/Live/InputMatrix/Channels/Channel-2/Mute-1/Value",2,1,40,"boolValue"
"MATRIX_MUTE","/Device/Audio/Presets/Live/InputMatrix/Channels/Channel-2/Mute-2/Value",2,2,40,"boolValue"
"MATRIX_MUTE","/Device/Audio/Presets/Live/InputMatrix/Channels/Channel-2/Mute-3/Value",2,3,40,"boolValue"
"MATRIX_MUTE","/Device/Audio/Presets/Live/InputMatrix/Channels/Channel-2/Mute-4/Value",2,4,40,"boolValue"
"MATRIX_MUTE","/Device/Audio/Presets/Live/InputMatrix/Channels/Channel-2/Mute-5/Value",2,5,40,"boolValue"
"MATRIX_MUTE","/Device/Audio/Presets/Live/InputMatrix/Channels/Channel-2/Mute-6/Value",2,6,40,"boolValue"
"MATRIX_MUTE","/Device/Audio/Presets/Live/InputMatrix/Channels/Channel-2/Mute-7/Value",2,7,40,"boolValue"
"MATRIX_MUTE","/Device/Audio/Presets/Live/InputMatrix/Channels/Channel-3/Mute-0/Value",3,0,40,"boolValue"
"MATRIX_MUTE","/Device/Audio/Presets/Live/InputMatrix/Channels/Channel-3/Mute-1/Value",3,1,40,"boolValue"
"MATRIX_MUTE","/Device/Audio/Presets/Live/InputMatrix/Channels/Channel-3/Mute-2/Value",3,2,40,"boolValue"
"MATRIX_MUTE","/Device/Audio/Presets/Live/InputMatrix/Channels/Channel-3/Mute-3/Value",3,3,40,"boolValue"
"MATRIX_MUTE","/Device/Audio/Presets/Live/InputMatrix/Channels/Channel-3/Mute-4/Value",3,4,40,"boolValue"
"MATRIX_MUTE","/Device/Audio/Presets/Live/InputMatrix/Channels/Channel-3/Mute-5/Value",3,5,40,"boolValue"
"MATRIX_MUTE","/Device/Audio/Presets/Live/InputMatrix/Channels/Channel-3/Mute-6/Value",3,6,40,"boolValue"
"MATRIX_MUTE","/Device/Audio/Presets/Live/InputMatrix/Channels/Channel-3/Mute-7/Value",3,7,40,"boolValue"
"MATRIX_MUTE","/Device/Audio/Presets/Live/InputMatrix/Channels/Channel-4/Mute-0/Value",4,0,40,"boolValue"
"MATRIX_MUTE","/Device/Audio/Presets/Live/InputMatrix/Channels/Channel-4/Mute-1/Value",4,1,40,"boolValue"
"MATRIX_MUTE","/Device/Audio/Presets/Live/InputMatrix/Channels/Channel-4/Mute-2/Value",4,2,40,"boolValue"
"MATRIX_MUTE","/Device/Audio/Presets/Live/InputMatrix/Channels/Channel-4/Mute-3/Value",4,3,40,"boolValue"
"MATRIX_MUTE","/Device/Audio/Presets/Live/InputMatrix/Channels/Channel-4/Mute-4/Value",4,4,40,"boolValue"
"MATRIX_MUTE","/Device/Audio/Presets/Live/InputMatrix/Channels/Channel-4/Mute-5/Value",4,5,40,"boolValue"
"MATRIX_MUTE","/Device/Audio/Presets/Live/InputMatrix/Channels/Channel-4/Mute-6/Value",4,6,40,"boolValue"
"MATRIX_MUTE","/Device/Audio/Presets/Live/InputMatrix/Channels/Channel-4/Mute-7/Value",4,7,40,"boolValue"
"MATRIX_MUTE","/Device/Audio/Presets/Live/InputMatrix/Channels/Channel-5/Mute-0/Value",5,0,40,"boolValue"
"MATRIX_MUTE","/Device/Audio/Presets/Live/InputMatrix/Channels/Channel-5/Mute-1/Value",5,1,40,"boolValue"
"MATRIX_MUTE","/Device/Audio/Presets/Live/InputMatrix/Channels/Channel-5/Mute-2/Value",5,2,40,"boolValue"
"MATRIX_MUTE","/Device/Audio/Presets/Live/InputMatrix/Channels/Channel-5/Mute-3/Value",5,3,40,"boolValue"
"MATRIX_MUTE","/Device/Audio/Presets/Live/InputMatrix/Channels/Channel-5/Mute-4/Value",5,4,40,"boolValue"
"MATRIX_MUTE","/Device/Audio/Presets/Live/InputMatrix/Channels/Channel-5/Mute-5/Value",5,5,40,"boolValue"
"MATRIX_MUTE","/Device/Audio/Presets/Live/InputMatrix/Channels/Channel-5/Mute-6/Value",5,6,40,"boolValue"
"MATRIX_MUTE","/Device/Audio/Presets/Live/InputMatrix/Channels/Channel-5/Mute-7/Value",5,7,40,"boolValue"
"MATRIX_MUTE","/Device/Audio/Presets/Live/InputMatrix/Channels/Channel-6/Mute-0/Value",6,0,40,"boolValue"
"MATRIX_MUTE","/Device/Audio/Presets/Live/InputMatrix/Channels/Channel-6/Mute-1/Value",6,1,40,"boolValue"
"MATRIX_MUTE","/Device/Audio/Presets/Live/InputMatrix/Channels/Channel-6/Mute-2/Value",6,2,40,"boolValue"
"MATRIX_MUTE","/Device/Audio/Presets/Live/InputMatrix/Channels/Channel-6/Mute-3/Value",6,3,40,"boolValue"
"MATRIX_MUTE","/Device/Audio/Presets/Live/InputMatrix/Channels/Channel-6/Mute-4/Value",6,4,40,"boolValue"
"MATRIX_MUTE","/Device/Audio/Presets/Live/InputMatrix/Channels/Channel-6/Mute-5/Value",6,5,40,"boolValue"
"MATRIX_MUTE","/Device/Audio/Presets/Live/InputMatrix/Channels/Channel-6/Mute-6/Value",6,6,40,"boolValue"
"MATRIX_MUTE","/Device/Audio/Presets/Live/InputMatrix/Channels/Channel-6/Mute-7/Value",6,7,40,"boolValue"
"MATRIX_MUTE","/Device/Audio/Presets/Live/InputMatrix/Channels/Channel-7/Mute-0/Value",7,0,40,"boolValue"
"MATRIX_MUTE","/Device/Audio/Presets/Live/InputMatrix/Channels/Channel-7/Mute-1/Value",7,1,40,"boolValue"
"MATRIX_MUTE","/Device/Audio/Presets/Live/InputMatrix/Channels/Channel-7/Mute-2/Value",7,2,40,"boolValue"
"MATRIX_MUTE","/Device/Audio/Presets/Live/InputMatrix/Channels/Channel-7/Mute-3/Value",7,3,40,"boolValue"
"MATRIX_MUTE","/Device/Audio/Presets/Live/InputMatrix/Channels/Channel-7/Mute-4/Value",7,4,40,"boolValue"
"MATRIX_MUTE","/Device/Audio/Presets/Live/InputMatrix/Channels/Channel-7/Mute-5/Value",7,5,40,"boolValue"
"MATRIX_MUTE","/Device/Audio/Presets/Live/InputMatrix/Channels/Channel-7/Mute-6/Value",7,6,40,"boolValue"
"MATRIX_MUTE","/Device/Audio/Presets/Live/InputMatrix/Channels/Channel-7/Mute-7/Value",7,7,40,"boolValue"
"NETWORK_ADDRESS","/Device/Config/Networking/Ethernet/Ip",0,0,10,"stringValue"
"NETWORK_DHCP_ENABLED","/Device/Config/Networking/Ethernet/Dhcp/Enable",0,0,10,"stringValue"
"NETWORK_DHCP_FROM","/Device/Config/Networking/Wifi/Dhcp/From",0,0,10,"stringValue"
"NETWORK_DHCP_TO","/Device/Config/Networking/Wifi/Dhcp/To",0,0,10,"stringValue"
"NETWORK_DNS","/Device/Config/Networking/Ethernet/Dns",0,0,10,"stringValue"
"NETWORK_GATEWAY","/Device/Config/Networking/Ethernet/Gateway",0,0,10,"stringValue"
"NETWORK_NETMASK","/Device/Config/Networking/Ethernet/Netmask",0,0,10,"stringValue"
"NETWORK_WIFI_ESSID","/Device/Config/Networking/Wifi/Ssid",0,0,10,"stringValue"
"NETWORK_WIFI_PASSWORD","/Device/Config/Networking/Wifi/Security/Passphrase",0,0,10,"stringValue"
"NETWORK_WIFI_SECURITY","/Device/Config/Networking/Wifi/Security/Type",0,0,10,"stringValue"
"NETWORK_WIFI_BAND","/Device/Config/Networking/Wifi/Mode",0,0,10,"stringValue"
"NETWORK_WIFI_CHANNEL","/Device/Config/Networking/Wifi/Channel",0,0,10,"stringValue"
"NETWORK_WIFI_REGION","/Device/Config/Networking/Wifi/Country",0,0,10,"stringValue"
"OUTPUT_CHANNEL_EQ","/Device/Audio/Presets/Live/OutputProcess/Channels/Channel-0/IIR",0,0,10,"stringValue"
"OUTPUT_CHANNEL_EQ","/Device/Audio/Presets/Live/OutputProcess/Channels/Channel-1/IIR",1,0,10,"stringValue"
"OUTPUT_CHANNEL_EQ","/Device/Audio/Presets/Live/OutputProcess/Channels/Channel-2/IIR",2,0,10,"stringValue"
"OUTPUT_CHANNEL_EQ","/Device/Audio/Presets/Live/OutputProcess/Channels/Channel-3/IIR",3,0,10,"stringValue"
"OUTPUT_CHANNEL_EQ","/Device/Audio/Presets/Live/OutputProcess/Channels/Channel-4/IIR",4,0,10,"stringValue"
"OUTPUT_CHANNEL_EQ","/Device/Audio/Presets/Live/OutputProcess/Channels/Channel-5/IIR",5,0,10,"stringValue"
"OUTPUT_CHANNEL_EQ","/Device/Audio/Presets/Live/OutputProcess/Channels/Channel-6/IIR",6,0,10,"stringValue"
"OUTPUT_CHANNEL_EQ","/Device/Audio/Presets/Live/OutputProcess/Channels/Channel-7/IIR",7,0,10,"stringValue"
"OUTPUT_CHANNEL_FEEDLOOP","/Device/Audio/Presets/Live/OutputProcess/Channels/Channel-0/Feedloop",0,0,10,"stringValue"
"OUTPUT_CHANNEL_FEEDLOOP","/Device/Audio/Presets/Live/OutputProcess/Channels/Channel-1/Feedloop",1,0,10,"stringValue"
"OUTPUT_CHANNEL_FEEDLOOP","/Device/Audio/Presets/Live/OutputProcess/Channels/Channel-2/Feedloop",2,0,10,"stringValue"
"OUTPUT_CHANNEL_FEEDLOOP","/Device/Audio/Presets/Live/OutputProcess/Channels/Channel-3/Feedloop",3,0,10,"stringValue"
"OUTPUT_CHANNEL_FEEDLOOP","/Device/Audio/Presets/Live/OutputProcess/Channels/Channel-4/Feedloop",4,0,10,"stringValue"
"OUTPUT_CHANNEL_FEEDLOOP","/Device/Audio/Presets/Live/OutputProcess/Channels/Channel-5/Feedloop",5,0,10,"stringValue"
"OUTPUT_CHANNEL_FEEDLOOP","/Device/Audio/Presets/Live/OutputProcess/Channels/Channel-6/Feedloop",6,0,10,"stringValue"
"OUTPUT_CHANNEL_FEEDLOOP","/Device/Audio/Presets/Live/OutputProcess/Channels/Channel-7/Feedloop",7,0,10,"stringValue"
"OUTPUT_CHANNEL_FEEDLOOP_ENABLED","/Device/Audio/Presets/Live/OutputProcess/Channels/Channel-0/Feedloop/Enable",0,0,10,"stringValue"
"OUTPUT_CHANNEL_FEEDLOOP_ENABLED","/Device/Audio/Presets/Live/OutputProcess/Channels/Channel-1/Feedloop/Enable",1,0,10,"stringValue"
"OUTPUT_CHANNEL_FEEDLOOP_ENABLED","/Device/Audio/Presets/Live/OutputProcess/Channels/Channel-2/Feedloop/Enable",2,0,10,"stringValue"
"OUTPUT_CHANNEL_FEEDLOOP_ENABLED","/Device/Audio/Presets/Live/OutputProcess/Channels/Channel-3/Feedloop/Enable",3,0,10,"stringValue"
"OUTPUT_CHANNEL_FEEDLOOP_ENABLED","/Device/Audio/Presets/Live/OutputProcess/Channels/Channel-4/Feedloop/Enable",4,0,10,"stringValue"
"OUTPUT_CHANNEL_FEEDLOOP_ENABLED","/Device/Audio/Presets/Live/OutputProcess/Channels/Channel-5/Feedloop/Enable",5,0,10,"stringValue"
"OUTPUT_CHANNEL_FEEDLOOP_ENABLED","/Device/Audio/Presets/Live/OutputProcess/Channels/Channel-6/Feedloop/Enable",6,0,10,"stringValue"
"OUTPUT_CHANNEL_FEEDLOOP_ENABLED","/Device/Audio/Presets/Live/OutputProcess/Channels/Channel-7/Feedloop/Enable",7,0,10,"stringValue"
"OUTPUT_CHANNEL_FEEDLOOP_VALUE","/Device/Audio/Presets/Live/OutputProcess/Channels/Channel-0/Feedloop/Value",0,0,20,"floatValue"
"OUTPUT_CHANNEL_FEEDLOOP_VALUE","/Device/Audio/Presets/Live/OutputProcess/Channels/Channel-1/Feedloop/Value",1,0,20,"floatValue"
"OUTPUT_CHANNEL_FEEDLOOP_VALUE","/Device/Audio/Presets/Live/OutputProcess/Channels/Channel-2/Feedloop/Value",2,0,20,"floatValue"
"OUTPUT_CHANNEL_FEEDLOOP_VALUE","/Device/Audio/Presets/Live/OutputProcess/Channels/Channel-3/Feedloop/Value",3,0,20,"floatValue"
"OUTPUT_CHANNEL_FEEDLOOP_VALUE","/Device/Audio/Presets/Live/OutputProcess/Channels/Channel-4/Feedloop/Value",4,0,20,"floatValue"
"OUTPUT_CHANNEL_FEEDLOOP_VALUE","/Device/Audio/Presets/Live/OutputProcess/Channels/Channel-5/Feedloop/Value",5,0,20,"floatValue"
"OUTPUT_CHANNEL_FEEDLOOP_VALUE","/Device/Audio/Presets/Live/OutputProcess/Channels/Channel-6/Feedloop/Value",6,0,20,"floatValue"
"OUTPUT_CHANNEL_FEEDLOOP_VALUE","/Device/Audio/Presets/Live/OutputProcess/Channels/Channel-7/Feedloop/Value",7,0,20,"floatValue"
"OUTPUT_CHANNEL_GAIN","/Device/Audio/Presets/Live/OutputProcess/Channels/Channel-0/Gain/Value",0,0,20,"floatValue"
"OUTPUT_CHANNEL_GAIN","/Device/Audio/Presets/Live/OutputProcess/Channels/Channel-1/Gain/Value",1,0,20,"floatValue"
"OUTPUT_CHANNEL_GAIN","/Device/Audio/Presets/Live/OutputProcess/Channels/Channel-2/Gain/Value",2,0,20,"floatValue"
"OUTPUT_CHANNEL_GAIN","/Device/Audio/Presets/Live/OutputProcess/Channels/Channel-3/Gain/Value",3,0,20,"floatValue"
"OUTPUT_CHANNEL_GAIN","/Device/Audio/Presets/Live/OutputProcess/Channels/Channel-4/Gain/Value",4,0,20,"floatValue"
"OUTPUT_CHANNEL_GAIN","/Device/Audio/Presets/Live/OutputProcess/Channels/Channel-5/Gain/Value",5,0,20,"floatValue"
"OUTPUT_CHANNEL_GAIN","/Device/Audio/Presets/Live/OutputProcess/Channels/Channel-6/Gain/Value",6,0,20,"floatValue"
"OUTPUT_CHANNEL_GAIN","/Device/Audio/Presets/Live/OutputProcess/Channels/Channel-7/Gain/Value",7,0,20,"floatValue"
"OUTPUT_CHANNEL_MUTE","/Device/Audio/Presets/Live/OutputProcess/Channels/Channel-0/Mute/Value",0,0,40,"boolValue"
"OUTPUT_CHANNEL_MUTE","/Device/Audio/Presets/Live/OutputProcess/Channels/Channel-1/Mute/Value",1,0,40,"boolValue"
"OUTPUT_CHANNEL_MUTE","/Device/Audio/Presets/Live/OutputProcess/Channels/Channel-2/Mute/Value",2,0,40,"boolValue"
"OUTPUT_CHANNEL_MUTE","/Device/Audio/Presets/Live/OutputProcess/Channels/Channel-3/Mute/Value",3,0,40,"boolValue"
"OUTPUT_CHANNEL_MUTE","/Device/Audio/Presets/Live/OutputProcess/Channels/Channel-4/Mute/Value",4,0,40,"boolValue"
"OUTPUT_CHANNEL_MUTE","/Device/Audio/Presets/Live/OutputProcess/Channels/Channel-5/Mute/Value",5,0,40,"boolValue"
"OUTPUT_CHANNEL_MUTE","/Device/Audio/Presets/Live/OutputProcess/Channels/Channel-6/Mute/Value",6,0,40,"boolValue"
"OUTPUT_CHANNEL_MUTE","/Device/Audio/Presets/Live/OutputProcess/Channels/Channel-7/Mute/Value",7,0,40,"boolValue"
"OUTPUT_CHANNEL_NAME","/Device/Audio/Presets/Live/OutputProcess/Channels/Channel-0/Name",0,0,10,"stringValue"
"OUTPUT_CHANNEL_NAME","/Device/Audio/Presets/Live/OutputProcess/Channels/Channel-1/Name",1,0,10,"stringValue"
"OUTPUT_CHANNEL_NAME","/Device/Audio/Presets/Live/OutputProcess/Channels/Channel-2/Name",2,0,10,"stringValue"
"OUTPUT_CHANNEL_NAME","/Device/Audio/Presets/Live/OutputProcess/Channels/Channel-3/Name",3,0,10,"stringValue"
"OUTPUT_CHANNEL_NAME","/Device/Audio/Presets/Live/OutputProcess/Channels/Channel-4/Name",4,0,10,"stringValue"
"OUTPUT_CHANNEL_NAME","/Device/Audio/Presets/Live/OutputProcess/Channels/Channel-5/Name",5,0,10,"stringValue"
"OUTPUT_CHANNEL_NAME","/Device/Audio/Presets/Live/OutputProcess/Channels/Channel-6/Name",6,0,10,"stringValue"
"OUTPUT_CHANNEL_NAME","/Device/Audio/Presets/Live/OutputProcess/Channels/Channel-7/Name",7,0,10,"stringValue"
"OUTPUT_CHANNEL_PEAK_LIMITER","/Device/Audio/Presets/Live/OutputProcess/Channels/Channel-0/PeakLimiter/Threshold/Value",0,0,20,"floatValue"
"OUTPUT_CHANNEL_PEAK_LIMITER","/Device/Audio/Presets/Live/OutputProcess/Channels/Channel-1/PeakLimiter/Threshold/Value",1,0,20,"floatValue"
"OUTPUT_CHANNEL_PEAK_LIMITER","/Device/Audio/Presets/Live/OutputProcess/Channels/Channel-2/PeakLimiter/Threshold/Value",2,0,20,"floatValue"
"OUTPUT_CHANNEL_PEAK_LIMITER","/Device/Audio/Presets/Live/OutputProcess/Channels/Channel-3/PeakLimiter/Threshold/Value",3,0,20,"floatValue"
"OUTPUT_CHANNEL_PEAK_LIMITER","/Device/Audio/Presets/Live/OutputProcess/Channels/Channel-4/PeakLimiter/Threshold/Value",4,0,20,"floatValue"
"OUTPUT_CHANNEL_PEAK_LIMITER","/Device/Audio/Presets/Live/OutputProcess/Channels/Channel-5/PeakLimiter/Threshold/Value",5,0,20,"floatValue"
"OUTPUT_CHANNEL_PEAK_LIMITER","/Device/Audio/Presets/Live/OutputProcess/Channels/Channel-6/PeakLimiter/Threshold/Value",6,0,20,"floatValue"
"OUTPUT_CHANNEL_PEAK_LIMITER","/Device/Audio/Presets/Live/OutputProcess/Channels/Channel-7/PeakLimiter/Threshold/Value",7,0,20,"floatValue"
"OUTPUT_CHANNEL_BRIDGE","/Device/Audio/Presets/Live/OutputProcess/Channels/Channel-0/Bridge/Value",0,0,40,"boolValue"
"OUTPUT_CHANNEL_BRIDGE","/Device/Audio/Presets/Live/OutputProcess/Channels/Channel-2/Bridge/Value",2,0,40,"boolValue"
"OUTPUT_CHANNEL_BRIDGE","/Device/Audio/Presets/Live/OutputProcess/Channels/Channel-4/Bridge/Value",4,0,40,"boolValue"
"OUTPUT_CHANNEL_BRIDGE","/Device/Audio/Presets/Live/OutputProcess/Channels/Channel-6/Bridge/Value",6,0,40,"boolValue"
"LIVE_CURRENT_SNAPSHOT_ID","/Device/Audio/Presets/Live/ReadOnly/SnapshotSlotId/Current",0,0,10,"stringValue"
"LIVE_SNAPSHOT_MODIFIED","/Device/Audio/Presets/Live/ReadOnly/SnapshotSlotId/Modified",0,0,10,"stringValue"
"INPUT_MATRIX_EXTRA_CONTROL","/Device/Audio/Presets/Live/InputMatrix/Generals/ExtraControl/Enable/Value",0,0,40,"boolValue"
"SPEAKER_GROUPS_8","/Device/Audio/Presets/Live/SpeakerLayout/Connections",0,0,10,"stringValue"
"SPEAKER_GROUPS_4","/Device/Audio/Presets/Live/SpeakerLayout/Connections",0,0,10,"stringValue"
"SPEAKER_GROUPS_2","/Device/Audio/Presets/Live/SpeakerLayout/Connections",0,0,10,"stringValue"
"SPEAKER_NAME","/Device/Audio/Presets/Live/SpeakerLayout/Speaker-0/ModelName",0,0,10,"stringValue"
"SPEAKER_NAME","/Device/Audio/Presets/Live/SpeakerLayout/Speaker-1/ModelName",1,0,10,"stringValue"
"SPEAKER_NAME","/Device/Audio/Presets/Live/SpeakerLayout/Speaker-2/ModelName",2,0,10,"stringValue"
"SPEAKER_NAME","/Device/Audio/Presets/Live/SpeakerLayout/Speaker-3/ModelName",3,0,10,"stringValue"
"SPEAKER_NAME","/Device/Audio/Presets/Live/SpeakerLayout/Speaker-4/ModelName",4,0,10,"stringValue"
"SPEAKER_NAME","/Device/Audio/Presets/Live/SpeakerLayout/Speaker-5/ModelName",5,0,10,"stringValue"
"SPEAKER_NAME","/Device/Audio/Presets/Live/SpeakerLayout/Speaker-6/ModelName",6,0,10,"stringValue"
"SPEAKER_NAME","/Device/Audio/Presets/Live/SpeakerLayout/Speaker-7/ModelName",7,0,10,"stringValue"